,mcc_perclass,acc_perclass,recall_perclass,precision_perclass,f1_perclass,jaccard_perclass,rocauc_perclass,labels
0,-0.0001238225881443044,0.8716368379653909,0.08587076923077122,0.05103553261293304,0.06397945388589256,0.03310534721387414,,cytoskeleton
1,-0.00029788168114435343,0.7372319611956001,0.19796339066338936,0.10652635768053112,0.13848208847704402,0.07444588264808996,,plasma-membrane
2,-0.00018428881642379652,0.5426811746198181,0.3674857474825719,0.33837343592428004,0.3522897405025692,0.21386008411672747,,cytosol
3,1.5622150056853672e-05,0.8921525694808595,0.07047650602410349,0.043535887538848635,0.053780044897413094,0.027693041676295604,,endoplasmic-reticulum
4,-0.00024845082058878203,0.9074417147351865,0.05871241379311164,0.03782628935325403,0.045963981084220555,0.023583861472173295,,golgi-apparatus
5,4.480246033399022e-05,0.8092772941793392,0.11280208333333323,0.10071432814151174,0.10636172573791834,0.056231574875797274,,vesicles
6,0.00024590511363227604,0.8302701887781939,0.09963850746268552,0.08804109732839226,0.09342765545691219,0.049066771060996446,,mitochondria
7,-0.0004572598436446856,0.511624174095433,0.38566541837331864,0.44779884182981006,0.4143732367577407,0.2613859032004209,,nucleus
8,0.00015528453334996733,0.9081033822758209,0.04529540816325893,0.05155474875188872,0.0481549539502909,0.024735305802227547,,nucleoli
