property,bin,category_perclass,count_perclass,macro_ap,micro_ap,mcc_perclass,acc,acc_samples,acc_perclass,recall_perclass,precision_perclass,f1_perclass,f1_macro,f1_micro,jaccard_perclass,jaccard_macro,jaccard_micro,rocauc_perclass,rocauc_macro,rocauc_micro,mlrap,coverage_error,num_labels
Helix_Fraction_Status,0,"['cytoskeleton', 'actin-filaments', 'intermediate-filaments', 'centrosome', 'microtubules', 'plasma-membrane', 'cytosol', 'endoplasmic-reticulum', 'golgi-apparatus', 'vesicles', 'endosomes', 'lysosomes', 'peroxisomes', 'lipid-droplets', 'mitochondria', 'nucleoplasm', 'nuclear-bodies', 'nuclear-membrane', 'nuclear-speckles', 'nucleoli', 'nucleoli-fibrillar-center']","[112.  13.   3.  75.  26. 177. 533.  96.  88. 185.  56.  50.   4.  14.
 145. 596.  13.  18.  16. 104.   6.]",0.4464718533047118,0.6372403748590262,"[ 0.46782858  0.16674479 -0.00104027  0.49095314  0.17472212  0.56180132
  0.48377474  0.63891801  0.44409001  0.37412315  0.2889773   0.31678919
  0.49954962  0.56432288  0.79598724  0.64103266  0.08652679  0.26945731
  0.37194343  0.5592312  -0.00892925]",0.9308138372325535,0.247750449910018,"[0.92321536 0.97360528 0.99760048 0.96040792 0.955009   0.91961608
 0.74025195 0.95920816 0.95740852 0.86682663 0.9160168  0.92981404
 0.99820036 0.9940012  0.96940612 0.83383323 0.74025195 0.98980204
 0.98980204 0.9580084  0.97480504]","[0.58035714 0.30769231 0.         0.45333333 0.30769231 0.5819209
 0.80863039 0.6875     0.27272727 0.48648649 0.51785714 0.54
 0.25       0.42857143 0.74482759 0.78355705 0.69230769 0.11111111
 0.3125     0.35576923 0.        ]","[0.44520548 0.1025641  0.         0.57627119 0.12307692 0.63190184
 0.5656168  0.63461538 0.77419355 0.41474654 0.20422535 0.2231405
 1.         0.75       0.8852459  0.75934959 0.02054795 0.66666667
 0.45454545 0.925      0.        ]","[0.50387597 0.15384615 0.         0.50746269 0.17582418 0.60588235
 0.66563707 0.66       0.40336134 0.44776119 0.29292929 0.31578947
 0.4        0.54545455 0.80898876 0.77126342 0.03991131 0.19047619
 0.37037037 0.51388889 0.        ]",0.39870110452811175,0.555922258892556,"[0.33678756 0.08333333 0.         0.34       0.09638554 0.43459916
 0.49884259 0.49253731 0.25263158 0.28846154 0.17159763 0.1875
 0.25       0.375      0.67924528 0.62768817 0.02036199 0.10526316
 0.22727273 0.34579439 0.        ]",0.2768239036504931,0.3849669883189436,"[0.90508728 0.89056832 0.72355769 0.91082077 0.8607322  0.91215637
 0.8169193  0.96104525 0.90947234 0.84764927 0.89504079 0.90993197
 0.99323512 0.99019099 0.94790883 0.89139235 0.83289927 0.93726838
 0.85618565 0.9471     0.70309051]",0.8877263164197118,0.9403019225371602,0.7757933592145543,2.8614277144571085,1.8740251949610078
Helix_Fraction_Status,"[0, 0.2)","['cytoskeleton', 'actin-filaments', 'intermediate-filaments', 'centrosome', 'microtubules', 'plasma-membrane', 'cytosol', 'endoplasmic-reticulum', 'golgi-apparatus', 'vesicles', 'endosomes', 'lysosomes', 'peroxisomes', 'lipid-droplets', 'mitochondria', 'nucleoplasm', 'nuclear-bodies', 'nuclear-membrane', 'nuclear-speckles', 'nucleoli', 'nucleoli-fibrillar-center']","[ 51.  12.   1.  33.   8. 129. 329.  24.  31.  82.  29.  24.   2.   4.
  44. 526.  23.  19.  11.  33.   5.]",0.4667782401618724,0.739470249136499,"[ 0.48828296  0.29013783 -0.00097943  0.31616915  0.1185552   0.67438182
  0.48467869  0.75182628  0.25036343  0.36222475  0.31638304  0.27264983
  0.70676041  0.          0.90100472  0.68851644  0.09987131  0.72224311
  0.32663132  0.4637453   0.06518928]",0.9358866834404995,0.23972602739726026,"[0.94422701 0.95890411 0.99804305 0.96379648 0.96771037 0.9295499
 0.73874755 0.98923679 0.97162427 0.90998043 0.9481409  0.95596869
 0.99902153 0.99608611 0.99217221 0.8444227  0.63209393 0.99119374
 0.98434442 0.97455969 0.96379648]","[0.58823529 0.58333333 0.         0.27272727 0.25       0.69767442
 0.81458967 0.70833333 0.06451613 0.3902439  0.44827586 0.375
 0.5        0.         0.84090909 0.85551331 0.69565217 0.52631579
 0.36363636 0.27272727 0.2       ]","[0.45454545 0.15909091 0.         0.40909091 0.06896552 0.73170732
 0.56540084 0.80952381 1.         0.43243243 0.26       0.23076923
 1.         0.         0.97368421 0.84427767 0.04155844 1.
 0.30769231 0.81818182 0.02941176]","[0.51282051 0.25       0.         0.32727273 0.10810811 0.71428571
 0.66749689 0.75555556 0.12121212 0.41025641 0.32911392 0.28571429
 0.66666667 0.         0.90243902 0.84985836 0.07843137 0.68965517
 0.33333333 0.40909091 0.05128205]",0.4029806253627411,0.5941002949852507,"[0.34482759 0.14285714 0.         0.19565217 0.05714286 0.55555556
 0.50093458 0.60714286 0.06451613 0.25806452 0.1969697  0.16666667
 0.5        0.         0.82222222 0.73891626 0.04081633 0.52631579
 0.2        0.25714286 0.02631579]",0.2953361429550454,0.42257658413764165,"[0.91706549 0.96435644 0.65621939 0.88960382 0.90064103 0.96801132
 0.82810739 0.99565798 0.90364897 0.83672807 0.90478175 0.90526887
 0.9995098  0.99607073 0.99068135 0.91207224 0.70366018 0.97964003
 0.93903426 0.90636394 0.56027532]",0.8884475417781185,0.953771621847641,0.8456699292113908,2.4334637964774952,1.9275929549902153
Helix_Fraction_Status,"[0.2, 0.4)","['cytoskeleton', 'actin-filaments', 'intermediate-filaments', 'centrosome', 'microtubules', 'plasma-membrane', 'cytosol', 'endoplasmic-reticulum', 'golgi-apparatus', 'vesicles', 'endosomes', 'lysosomes', 'peroxisomes', 'lipid-droplets', 'mitochondria', 'nucleoplasm', 'nuclear-bodies', 'nuclear-membrane', 'nuclear-speckles', 'nucleoli', 'nucleoli-fibrillar-center']","[ 18.   3.   1.  12.   2.  48. 281.  24.  18.  67.  19.  28.   1.   3.
  91. 352.  29.   6.   3.  30.  10.]",0.3608363871779805,0.7009120414998332,"[ 0.2030633   0.13669404 -0.00136054  0.10763936 -0.00511508  0.55180362
  0.52373184  0.60211861  0.54264226  0.4287214   0.25930757  0.47093293
 -0.00192541  0.57656422  0.91699691  0.61589864  0.15458537  0.40685732
 -0.00409277 -0.00760352  0.06613267]",0.9412525879917184,0.31929347826086957,"[0.95244565 0.97690217 0.99728261 0.97826087 0.98777174 0.94836957
 0.74728261 0.97826087 0.98233696 0.90353261 0.94021739 0.94701087
 0.99592391 0.99728261 0.98233696 0.80842391 0.73097826 0.99320652
 0.99184783 0.95788043 0.96875   ]","[0.27777778 0.33333333 0.         0.08333333 0.         0.54166667
 0.86120996 0.5        0.38888889 0.49253731 0.42105263 0.64285714
 0.         0.33333333 0.9010989  0.78409091 0.62068966 0.16666667
 0.         0.         0.1       ]","[0.18518519 0.0625     0.         0.16666667 0.         0.61904762
 0.62210797 0.75       0.77777778 0.47142857 0.19512195 0.38297872
 0.         1.         0.95348837 0.80938416 0.08780488 1.
 0.         0.         0.06666667]","[0.22222222 0.10526316 0.         0.11111111 0.         0.57777778
 0.72238806 0.6        0.51851852 0.48175182 0.26666667 0.48
 0.         0.5        0.92655367 0.7965368  0.15384615 0.28571429
 0.         0.         0.08      ]",0.32515953557731736,0.6172006745362564,"[0.125      0.05555556 0.         0.05882353 0.         0.40625
 0.56542056 0.42857143 0.35       0.31730769 0.15384615 0.31578947
 0.         0.33333333 0.86315789 0.6618705  0.08333333 0.16666667
 0.         0.         0.04166667]",0.23459965678373493,0.44634146341463415,"[0.87728258 0.81991814 0.99455782 0.84116022 0.94754768 0.91309351
 0.8352978  0.96354167 0.94568245 0.83283136 0.86170447 0.90360169
 0.91564626 0.96907685 0.98052645 0.88645981 0.73784324 0.5956621
 0.95634379 0.84858357 0.59573003]",0.8677186430118993,0.9421731509481279,0.8295108495985236,2.775815217391304,1.8016304347826086
Helix_Fraction_Status,"[0.4, 1)","['cytoskeleton', 'actin-filaments', 'intermediate-filaments', 'centrosome', 'microtubules', 'plasma-membrane', 'cytosol', 'endoplasmic-reticulum', 'golgi-apparatus', 'vesicles', 'endosomes', 'lysosomes', 'peroxisomes', 'lipid-droplets', 'mitochondria', 'nucleoplasm', 'nuclear-bodies', 'nuclear-membrane', 'nuclear-speckles', 'nucleoli', 'nucleoli-fibrillar-center']","[ 11.   1.   1.   5.   3.  53. 148.  22.   8.  48.  13.  17.   4.   3.
  55. 144.  21.   5.   3.   3.   1.]",0.45280418429028985,0.6976416246212088,"[ 0.36425577 -0.00364959  0.         -0.01005973  0.25082262  0.7291439
  0.54991309  0.6989062   0.          0.38425885  0.35955297  0.39408701
  0.49806326  0.40455168  0.82607469  0.56753304  0.19788285  0.
  0.          0.81544099 -0.00257732]",0.9450361121312278,0.37275064267352187,"[0.96658098 0.99228792 0.99742931 0.97943445 0.98457584 0.93573265
 0.76349614 0.96915167 0.97943445 0.8714653  0.93830334 0.94344473
 0.99228792 0.99228792 0.95886889 0.80205656 0.80719794 0.98714653
 0.99228792 0.99742931 0.99485861]","[0.36363636 0.         0.         0.         0.33333333 0.77358491
 0.86486486 0.68181818 0.         0.4375     0.53846154 0.47058824
 0.25       0.33333333 0.81818182 0.67361111 0.52380952 0.
 0.         0.66666667 0.        ]","[0.4        0.         0.         0.         0.2        0.75925926
 0.64       0.75       0.         0.47727273 0.28       0.38095238
 1.         0.5        0.88235294 0.76377953 0.14473684 0.
 0.         1.         0.        ]","[0.38095238 0.         0.         0.         0.25       0.76635514
 0.73563218 0.71428571 0.         0.45652174 0.36842105 0.42105263
 0.4        0.4        0.8490566  0.71586716 0.22680412 0.
 0.         0.8        0.        ]",0.35642612994431094,0.629843363561418,"[0.23529412 0.         0.         0.         0.14285714 0.62121212
 0.58181818 0.55555556 0.         0.29577465 0.22580645 0.26666667
 0.25       0.25       0.73770492 0.55747126 0.12790698 0.
 0.         0.66666667 0.        ]",0.26260641481278146,0.45968712394705175,"[0.90500241 0.88402062 0.89690722 0.90885417 0.96804836 0.95400943
 0.8520803  0.93534803 0.74540682 0.8207478  0.90180033 0.86543327
 1.         0.82901554 0.96031573 0.89078798 0.79490166 0.67760417
 0.96373057 1.         0.5       ]",0.8692387809453773,0.9399072703727683,0.8169471654830035,2.9203084832904884,1.6555269922879177
Hydrophobic_Status,"[0, 0.34)","['cytoskeleton', 'actin-filaments', 'intermediate-filaments', 'centrosome', 'microtubules', 'plasma-membrane', 'cytosol', 'endoplasmic-reticulum', 'golgi-apparatus', 'vesicles', 'endosomes', 'lysosomes', 'peroxisomes', 'mitochondria', 'nucleoplasm', 'nuclear-bodies', 'nuclear-membrane', 'nuclear-speckles', 'nucleoli', 'nucleoli-fibrillar-center']","[ 68.  15.   1.  44.  15.  59. 206.   8.   9.  16.   6.   1.   1.  11.
 470.  26.   7.  27.  52.   6.]",0.46829509505785205,0.7345651180750622,"[ 0.58188195  0.19626809 -0.00187935  0.58283253  0.24808746  0.43306968
  0.46478712  0.52702332  0.46920535  0.28758977  0.15998217 -0.00266135
  1.          0.61158075  0.63518334  0.0817433   0.67363826  0.31563689
  0.49955978 -0.02309213]",0.9257957559681698,0.13925729442970822,"[0.9270557  0.93236074 0.99602122 0.95888594 0.95225464 0.9270557
 0.74005305 0.99204244 0.99071618 0.96949602 0.9867374  0.9933687
 1.         0.99071618 0.83156499 0.50132626 0.99469496 0.9535809
 0.94827586 0.92970822]","[0.66176471 0.4        0.         0.52272727 0.4        0.40677966
 0.7961165  0.375      0.22222222 0.3125     0.16666667 0.
 1.         0.45454545 0.91276596 0.73076923 0.57142857 0.33333333
 0.34615385 0.        ]","[0.58441558 0.125      0.         0.6969697  0.18181818 0.54545455
 0.51572327 0.75       1.         0.29411765 0.16666667 0.
 1.         0.83333333 0.83300971 0.04896907 0.8        0.34615385
 0.7826087  0.        ]","[0.62068966 0.19047619 0.         0.5974026  0.25       0.46601942
 0.6259542  0.5        0.36363636 0.3030303  0.16666667 0.
 1.         0.58823529 0.87106599 0.09178744 0.66666667 0.33962264
 0.48       0.        ]",0.4060626712044268,0.5772572723838307,"[0.45       0.10526316 0.         0.42592593 0.14285714 0.30379747
 0.45555556 0.33333333 0.22222222 0.17857143 0.09090909 0.
 1.         0.41666667 0.77158273 0.04810127 0.5        0.20454545
 0.31578947 0.        ]",0.29825604600779665,0.40573552841210836,"[0.94053336 0.92620659 0.50332005 0.96520487 0.90789355 0.92693574
 0.82597796 0.99396783 0.96181954 0.91438008 0.97994652 0.98273572
 1.         0.96537379 0.87756967 0.6851754  0.97035762 0.85154618
 0.89557309 0.39817291]",0.8736345234039937,0.9598071093770401,0.838865035999437,2.2997347480106103,2.1206896551724137
Hydrophobic_Status,"[0.34, 0.4)","['cytoskeleton', 'actin-filaments', 'intermediate-filaments', 'centrosome', 'microtubules', 'plasma-membrane', 'cytosol', 'endoplasmic-reticulum', 'golgi-apparatus', 'vesicles', 'endosomes', 'lysosomes', 'peroxisomes', 'lipid-droplets', 'mitochondria', 'nucleoplasm', 'nuclear-bodies', 'nuclear-membrane', 'nuclear-speckles', 'nucleoli', 'nucleoli-fibrillar-center']","[ 83.   9.   4.  54.  15. 131. 521.  32.  41. 108.  34.  23.   3.   8.
  81. 664.  28.  18.   3.  73.   7.]",0.39296863201021703,0.7020325722324214,"[ 0.36944177  0.18771568 -0.00147221  0.31200737  0.08120426  0.60235347
  0.50044226  0.55014507  0.15514478  0.29023835  0.23354119  0.09560568
  0.          0.49889503  0.88297003  0.65011256  0.11190156  0.57478805
 -0.0012745   0.56237176  0.07026368]",0.9326825513452993,0.22703894195444527,"[0.91036003 0.96620132 0.99632623 0.95077149 0.95003674 0.93607641
 0.73328435 0.98310066 0.96840558 0.89933872 0.94048494 0.952241
 0.99779574 0.99559148 0.98750918 0.82512858 0.66201323 0.99118295
 0.99706098 0.96399706 0.97942689]","[0.5060241  0.44444444 0.         0.31481481 0.2        0.57251908
 0.85604607 0.40625    0.07317073 0.33333333 0.38235294 0.17391304
 0.         0.25       0.80246914 0.82379518 0.71428571 0.33333333
 0.         0.34246575 0.14285714]","[0.34146341 0.08888889 0.         0.36170213 0.05084746 0.70754717
 0.60762943 0.76470588 0.375      0.35643564 0.17808219 0.08
 0.         1.         0.98484848 0.81886228 0.04237288 1.
 0.         0.96153846 0.04347826]","[0.40776699 0.14814815 0.         0.33663366 0.08108108 0.63291139
 0.71075697 0.53061224 0.12244898 0.34449761 0.24299065 0.10958904
 0.         0.4        0.88435374 0.82132132 0.08       0.5
 0.         0.50505051 0.06666667]",0.3297537623516826,0.5788091068301225,"[0.25609756 0.08       0.         0.20238095 0.04225352 0.46296296
 0.5512979  0.36111111 0.06521739 0.20809249 0.13829787 0.05797101
 0.         0.25       0.79268293 0.69681529 0.04166667 0.33333333
 0.         0.33783784 0.03448276]",0.23392864670458824,0.40727048675292665,"[0.87885816 0.90154504 0.68791452 0.86721075 0.80658742 0.94256811
 0.81998446 0.9853038  0.85225425 0.81586415 0.87266723 0.85127055
 0.98772705 0.99556541 0.959076   0.88698337 0.73124531 0.89575577
 0.80854197 0.92390241 0.50548639]",0.8560148626191791,0.9452839724213937,0.8279353589095056,2.7149155033063925,1.9309331373989713
Hydrophobic_Status,"[0.4, 0.46)","['cytoskeleton', 'actin-filaments', 'intermediate-filaments', 'centrosome', 'microtubules', 'plasma-membrane', 'cytosol', 'endoplasmic-reticulum', 'golgi-apparatus', 'vesicles', 'endosomes', 'lysosomes', 'peroxisomes', 'lipid-droplets', 'mitochondria', 'nucleoplasm', 'nuclear-bodies', 'nuclear-membrane', 'nuclear-speckles', 'nucleoli', 'nucleoli-fibrillar-center']","[ 39.   5.   1.  26.   9. 121. 502.  59.  60. 152.  47.  55.   6.  11.
 197. 431.  29.  17.   3.  42.   9.]",0.4542772903714722,0.6543655361771997,"[0.37669279 0.31294281 0.         0.25317315 0.17811823 0.65665099
 0.4605188  0.63449681 0.4410204  0.407376   0.31341274 0.37712022
 0.40605184 0.4497725  0.85058268 0.53562033 0.13931768 0.41782115
 0.         0.34009108 0.07486176]",0.9404214978487566,0.36217457886676874,"[0.96018377 0.99310873 0.9992343  0.97932619 0.98621746 0.94410413
 0.71286371 0.97013783 0.96324655 0.86906585 0.92343032 0.92649311
 0.99540582 0.99310873 0.96248086 0.79862175 0.83078101 0.98928025
 0.99770291 0.97166922 0.98238897]","[0.43589744 0.4        0.         0.15384615 0.22222222 0.66115702
 0.83466135 0.61016949 0.23333333 0.51973684 0.5106383  0.56363636
 0.33333333 0.27272727 0.84771574 0.65197216 0.51724138 0.17647059
 0.         0.11904762 0.11111111]","[0.36170213 0.25       0.         0.44444444 0.15384615 0.71428571
 0.58931083 0.69230769 0.875      0.44632768 0.23762376 0.30097087
 0.5        0.75       0.89784946 0.71319797 0.06756757 1.
 0.         1.         0.0625    ]","[0.39534884 0.30769231 0.         0.22857143 0.18181818 0.68669528
 0.69084913 0.64864865 0.36842105 0.48024316 0.32432432 0.39240506
 0.4        0.4        0.87206266 0.68121212 0.11952191 0.3
 0.         0.21276596 0.08      ]",0.3700276225154083,0.5919080919080919,"[0.24637681 0.18181818 0.         0.12903226 0.1        0.52287582
 0.52770781 0.48       0.22580645 0.316      0.19354839 0.24409449
 0.25       0.25       0.77314815 0.51654412 0.06355932 0.17647059
 0.         0.11904762 0.04166667]",0.2551284126529493,0.4203618304363249,"[0.86843543 0.79953882 1.         0.82442909 0.95519575 0.92965791
 0.80879467 0.92404822 0.91864633 0.84534343 0.88161831 0.87306155
 0.99846154 0.97535978 0.97337428 0.86023202 0.76691059 0.80892621
 0.57226912 0.92454039 0.76064422]",0.8699756030133694,0.9382938382628581,0.7858728542049639,2.9073506891271057,1.6715160796324655
Hydrophobic_Status,"[0.46, 1)","['cytoskeleton', 'centrosome', 'plasma-membrane', 'cytosol', 'endoplasmic-reticulum', 'golgi-apparatus', 'vesicles', 'endosomes', 'lysosomes', 'peroxisomes', 'lipid-droplets', 'mitochondria', 'nucleoplasm', 'nuclear-bodies', 'nuclear-membrane', 'nucleoli']","[  2.   1.  96.  62.  67.  35. 106.  30.  40.   1.   5.  46.  53.   3.
   6.   3.]",0.5262551556306194,0.6200245629998524,"[-0.00511509 -0.00255102  0.66464276  0.57869603  0.69790747  0.56845559
  0.33625827  0.3134345   0.43251627  0.          0.59484536  0.80573068
  0.69118587 -0.02135761  0.          0.        ]",0.9241412213740458,0.3842239185750636,"[0.98982188 0.99491094 0.86259542 0.88804071 0.90076336 0.94147583
 0.73536896 0.82188295 0.85496183 0.99745547 0.98982188 0.96183206
 0.93384224 0.93638677 0.98473282 0.99236641]","[0.         0.         0.84375    0.64516129 0.86567164 0.4
 0.52830189 0.63333333 0.675      0.         0.6        0.76086957
 0.62264151 0.         0.         0.        ]","[0.         0.         0.675      0.64516129 0.65909091 0.875
 0.50909091 0.24358974 0.38028169 0.         0.6        0.8974359
 0.84615385 0.         0.         0.        ]","[0.         0.         0.75       0.64516129 0.7483871  0.54901961
 0.51851852 0.35185185 0.48648649 0.         0.6        0.82352941
 0.7173913  0.         0.         0.        ]",0.3868965979943313,0.6054590570719603,"[0.         0.         0.6        0.47619048 0.59793814 0.37837838
 0.35       0.21348315 0.32142857 0.         0.42857143 0.7
 0.55932203 0.         0.         0.        ]",0.28908201117902954,0.43416370106761565,"[0.95140665 0.93877551 0.92199776 0.85142774 0.94730336 0.88754988
 0.74334363 0.81662075 0.87528329 1.         0.8628866  0.92958276
 0.93263041 0.85042735 0.91602067 0.98803419]",0.9008306588729733,0.90899349606149,0.7644130607871059,3.0381679389312977,1.6615776081424936
Positive_Status,"[0, 0.12)","['cytoskeleton', 'actin-filaments', 'centrosome', 'microtubules', 'plasma-membrane', 'cytosol', 'endoplasmic-reticulum', 'golgi-apparatus', 'vesicles', 'endosomes', 'lysosomes', 'peroxisomes', 'lipid-droplets', 'mitochondria', 'nucleoplasm', 'nuclear-bodies', 'nuclear-membrane', 'nuclear-speckles', 'nucleoli', 'nucleoli-fibrillar-center']","[ 17.   4.  10.   3. 157. 230.  59.  49. 146.  47.  62.   2.   6.  33.
 230.  17.  19.   2.   5.   1.]",0.40726608845626516,0.6392152225478894,"[ 0.2436219   0.18322486  0.36094395 -0.00330343  0.66183127  0.53014055
  0.66740949  0.48361565  0.35535298  0.35419654  0.42794599  0.
  0.70567394  0.73111375  0.65224678  0.15092569  0.60201523  0.
  0.         -0.0023343 ]",0.9334005376344086,0.29301075268817206,"[0.96908602 0.98790323 0.98790323 0.99327957 0.88306452 0.78629032
 0.95026882 0.95026882 0.78629032 0.86693548 0.875      0.99731183
 0.99596774 0.97983871 0.85215054 0.83736559 0.98387097 0.99731183
 0.99327957 0.99462366]","[0.23529412 0.25       0.2        0.         0.77070064 0.75217391
 0.71186441 0.28571429 0.52054795 0.63829787 0.66129032 0.
 0.5        0.57575758 0.75217391 0.52941176 0.36842105 0.
 0.         0.        ]","[0.28571429 0.14285714 0.66666667 0.         0.70348837 0.62909091
 0.67741935 0.875      0.46060606 0.26785714 0.36283186 0.
 1.         0.95       0.76548673 0.07377049 1.         0.
 0.         0.        ]","[0.25806452 0.18181818 0.30769231 0.         0.73556231 0.68514851
 0.69421488 0.43076923 0.48874598 0.37735849 0.46857143 0.
 0.66666667 0.71698113 0.75877193 0.1294964  0.53846154 0.
 0.         0.        ]",0.37191617535372445,0.5906650144568361,"[0.14814815 0.1        0.18181818 0.         0.58173077 0.52108434
 0.53164557 0.2745098  0.32340426 0.23255814 0.30597015 0.
 0.5        0.55882353 0.61130742 0.06923077 0.36842105 0.
 0.         0.        ]",0.2654326062982447,0.4191090269636577,"[0.89068695 0.98344595 0.93991826 0.73144399 0.93534001 0.84949247
 0.95541259 0.86386727 0.79032849 0.83671663 0.8827689  0.97169811
 0.88369467 0.87478157 0.9205126  0.82700866 0.88646098 0.51617251
 0.86549391 0.57065949]",0.8487952006361628,0.9277813824852419,0.7785492672968637,3.139784946236559,1.7768817204301075
Positive_Status,"[0.12, 0.15)","['cytoskeleton', 'actin-filaments', 'intermediate-filaments', 'centrosome', 'microtubules', 'plasma-membrane', 'cytosol', 'endoplasmic-reticulum', 'golgi-apparatus', 'vesicles', 'endosomes', 'lysosomes', 'peroxisomes', 'lipid-droplets', 'mitochondria', 'nucleoplasm', 'nuclear-bodies', 'nuclear-membrane', 'nuclear-speckles', 'nucleoli', 'nucleoli-fibrillar-center']","[ 66.   8.   3.  37.  18. 158. 545.  66.  62. 149.  50.  38.   8.  13.
 131. 591.  28.  17.   7.  24.   3.]",0.4229882793917659,0.6833489931404181,"[ 0.35321052  0.23840517  0.          0.22623803  0.1287799   0.64825429
  0.47195004  0.65585523  0.34160592  0.37598344  0.21882486  0.25425258
  0.35112046  0.44978752  0.84052818  0.65919931  0.14161221  0.54008357
  0.26551603  0.         -0.00507323]",0.9376937889617807,0.29266620973269364,"[0.93831391 0.97738177 0.9979438  0.97121316 0.97464016 0.93625771
 0.72035641 0.96915696 0.96230295 0.88211103 0.92254969 0.94311172
 0.99451679 0.99246059 0.97464016 0.83687457 0.74160384 0.99177519
 0.99520219 0.98355038 0.98560658]","[0.42424242 0.5        0.         0.16216216 0.16666667 0.62658228
 0.83486239 0.6969697  0.16129032 0.45637584 0.36       0.39473684
 0.25       0.30769231 0.82442748 0.76988156 0.71428571 0.29411765
 0.14285714 0.         0.        ]","[0.35       0.12121212 0.         0.35294118 0.12       0.7443609
 0.58861578 0.64788732 0.76923077 0.42767296 0.18181818 0.2
 0.5        0.66666667 0.8852459  0.81687612 0.05141388 1.
 0.5        0.         0.        ]","[0.38356164 0.19512195 0.         0.22222222 0.13953488 0.68041237
 0.69044006 0.67153285 0.26666667 0.44155844 0.24161074 0.26548673
 0.33333333 0.42105263 0.85375494 0.79268293 0.09592326 0.45454545
 0.22222222 0.         0.        ]",0.35103158677624247,0.5852704757766674,"[0.23728814 0.10810811 0.         0.125      0.075      0.515625
 0.52723059 0.50549451 0.15384615 0.28333333 0.13740458 0.15306122
 0.2        0.26666667 0.74482759 0.65656566 0.05037783 0.29411765
 0.125      0.         0.        ]",0.2456641439157496,0.41369778869778867,"[0.88096326 0.97338043 0.85141941 0.84948873 0.85488473 0.92220687
 0.80796378 0.95431704 0.88986769 0.84578616 0.85772889 0.87368051
 0.99508959 0.98526439 0.97332843 0.9007813  0.78474094 0.95598434
 0.95444707 0.89788037 0.53571429]",0.8830913430800246,0.9435319705623438,0.8116254171032016,2.7196710075394104,1.7690198766278273
Positive_Status,"[0.15, 0.18)","['cytoskeleton', 'actin-filaments', 'intermediate-filaments', 'centrosome', 'microtubules', 'plasma-membrane', 'cytosol', 'endoplasmic-reticulum', 'golgi-apparatus', 'vesicles', 'endosomes', 'lysosomes', 'peroxisomes', 'lipid-droplets', 'mitochondria', 'nucleoplasm', 'nuclear-bodies', 'nuclear-membrane', 'nuclear-speckles', 'nucleoli', 'nucleoli-fibrillar-center']","[ 75.  13.   2.  51.  12.  76. 366.  37.  30.  72.  18.  15.   1.   4.
 109. 524.  29.  11.  10.  52.   9.]",0.4161034031699067,0.6997605087061602,"[ 0.45970637  0.17553706 -0.00131371  0.41858227  0.10418732  0.45443304
  0.47127231  0.64802843  0.46583205  0.34196191  0.2730679   0.19830989
  1.          0.35190911  0.85153928  0.63414948  0.08357814  0.21011847
 -0.00511176  0.47128548  0.11848101]",0.9318844420885237,0.23654916512059368,"[0.9174397  0.94990724 0.99721707 0.95269017 0.94897959 0.932282
 0.71799629 0.97959184 0.97773655 0.9174397  0.95918367 0.9619666
 1.         0.99628942 0.97402597 0.81725417 0.65769944 0.98979592
 0.98794063 0.96289425 0.97124304]","[0.58666667 0.38461538 0.         0.39215686 0.25       0.46052632
 0.8442623  0.54054054 0.3        0.38888889 0.44444444 0.33333333
 1.         0.25       0.81651376 0.80152672 0.5862069  0.09090909
 0.         0.25       0.22222222]","[0.43137255 0.09803922 0.         0.5        0.06122449 0.52238806
 0.5557554  0.8        0.75       0.38356164 0.19047619 0.13888889
 1.         0.5        0.91752577 0.81871345 0.04545455 0.5
 0.         0.92857143 0.07692308]","[0.49717514 0.15625    0.         0.43956044 0.09836066 0.48951049
 0.670282   0.64516129 0.42857143 0.3862069  0.26666667 0.19607843
 1.         0.33333333 0.86407767 0.81002893 0.08436725 0.15384615
 0.         0.39393939 0.11428571]",0.3822715178937063,0.5719044975013882,"[0.33082707 0.08474576 0.         0.28169014 0.05172414 0.32407407
 0.5040783  0.47619048 0.27272727 0.23931624 0.15384615 0.10869565
 1.         0.2        0.76068376 0.68071313 0.04404145 0.08333333
 0.         0.24528302 0.06060606]",0.2810750492008679,0.4004665629860031,"[0.89410435 0.82759119 0.67704461 0.87328408 0.91197624 0.94046118
 0.8155354  0.97595867 0.93295165 0.80019881 0.93506289 0.84891816
 1.         0.99324953 0.96948523 0.89339846 0.69152888 0.74456846
 0.832397   0.90056605 0.68038665]",0.8637460712899205,0.946011349069197,0.8105710023598404,2.6929499072356213,1.9350649350649352
Positive_Status,"[0.18, 1)","['cytoskeleton', 'actin-filaments', 'intermediate-filaments', 'centrosome', 'microtubules', 'plasma-membrane', 'cytosol', 'endoplasmic-reticulum', 'golgi-apparatus', 'vesicles', 'endosomes', 'lysosomes', 'lipid-droplets', 'mitochondria', 'nucleoplasm', 'nuclear-bodies', 'nuclear-membrane', 'nuclear-speckles', 'nucleoli', 'nucleoli-fibrillar-center']","[ 34.   4.   1.  27.   6.  16. 150.   4.   4.  15.   2.   4.   1.  62.
 273.  12.   1.  14.  89.   9.]",0.4540151167594888,0.7314642898257032,"[ 0.631614    0.30841727 -0.0026608   0.53753038  0.35975003  0.38084795
  0.5911457   0.5746246  -0.00377004  0.35220281  0.31234709  0.24432892
  0.          0.92554022  0.59845554  0.0789018   0.          0.43771033
  0.54074582 -0.03682345]",0.9331144465290807,0.2589118198874296,"[0.94183865 0.98123827 0.99437148 0.95309568 0.95121951 0.96998124
 0.79924953 0.99437148 0.99061914 0.97185741 0.99061914 0.98874296
 0.99812383 0.98499062 0.79549719 0.59662289 0.99812383 0.96247655
 0.88930582 0.90994371]","[0.82352941 0.5        0.         0.59259259 0.83333333 0.3125
 0.88       0.5        0.         0.26666667 0.5        0.25
 0.         0.90322581 0.88644689 0.66666667 0.         0.57142857
 0.39325843 0.        ]","[0.52830189 0.2        0.         0.53333333 0.16666667 0.5
 0.59728507 0.66666667 0.         0.5        0.2        0.25
 0.         0.96551724 0.75625    0.03652968 0.         0.36363636
 0.875      0.        ]","[0.64367816 0.28571429 0.         0.56140351 0.27777778 0.38461538
 0.7115903  0.57142857 0.         0.34782609 0.28571429 0.25
 0.         0.93333333 0.81618887 0.06926407 0.         0.44444444
 0.54263566 0.        ]",0.35628073672513005,0.6045479755962285,"[0.47457627 0.16666667 0.         0.3902439  0.16129032 0.23809524
 0.55230126 0.4        0.         0.21052632 0.16666667 0.14285714
 0.         0.875      0.68945869 0.03587444 0.         0.28571429
 0.37234043 0.        ]",0.25808058108390985,0.4332273449920509,"[0.96846634 0.98487713 0.59586466 0.97123408 0.97406705 0.89083656
 0.8943255  0.99905482 0.9073724  0.83410553 0.98493409 0.89177694
 1.         0.99387028 0.83894055 0.65579015 0.77819549 0.9117809
 0.89505517 0.456743  ]",0.8713645314325612,0.9586163936747909,0.841741205041032,2.2983114446529083,2.016885553470919
Signal-Transit_Peptide_Status,Present,"['plasma-membrane', 'cytosol', 'endoplasmic-reticulum', 'golgi-apparatus', 'vesicles', 'endosomes', 'lysosomes', 'peroxisomes', 'lipid-droplets', 'mitochondria', 'nucleoplasm', 'nuclear-membrane', 'nucleoli']",[128.  39.  36.  18.  50.  13.  30.   1.   3. 189.  21.   1.   2.],0.5564404746710677,0.7828805301131453,"[0.77122293 0.17862322 0.72419861 0.         0.48290611 0.39395944
 0.62771528 0.         0.81557865 0.89079539 0.37850667 0.
 0.        ]",0.9447599380485286,0.6196868008948546,"[0.90604027 0.89932886 0.95749441 0.95973154 0.83221477 0.90380313
 0.92841163 0.99776286 0.99776286 0.94630872 0.95973154 0.99776286
 0.99552573]","[0.84375    0.15384615 0.77777778 0.         0.82       0.84615385
 0.9        0.         0.66666667 0.95238095 0.19047619 0.
 0.        ]","[0.83076923 0.33333333 0.71794872 0.         0.38317757 0.21153846
 0.48214286 0.         1.         0.92307692 0.8        0.
 0.        ]","[0.8372093  0.21052632 0.74666667 0.         0.52229299 0.33846154
 0.62790698 0.         0.8        0.9375     0.30769231 0.
 0.        ]",0.40986585394694824,0.7171806167400882,"[0.72       0.11764706 0.59574468 0.         0.35344828 0.2037037
 0.45762712 0.         0.66666667 0.88235294 0.18181818 0.
 0.        ]",0.3214622021189041,0.5590659340659341,"[0.9562598  0.64410508 0.97114085 0.87814038 0.90670025 0.91031549
 0.95259792 1.         0.996997   0.97434478 0.6811983  0.96412556
 0.63595506]",0.8824523428461272,0.9487056297437654,0.8527188229369433,2.0067114093959733,1.3512304250559284
Signal-Transit_Peptide_Status,None,"['cytoskeleton', 'actin-filaments', 'intermediate-filaments', 'centrosome', 'microtubules', 'plasma-membrane', 'cytosol', 'endoplasmic-reticulum', 'golgi-apparatus', 'vesicles', 'endosomes', 'lysosomes', 'peroxisomes', 'lipid-droplets', 'mitochondria', 'nucleoplasm', 'nuclear-bodies', 'nuclear-membrane', 'nuclear-speckles', 'nucleoli', 'nucleoli-fibrillar-center']","[ 192.   29.    6.  125.   39.  279. 1252.  130.  127.  332.  104.   89.
   10.   21.  146. 1597.   86.   47.   33.  168.   22.]",0.4079498377849542,0.6707525003675878,"[ 0.44059952  0.20971558 -0.00126175  0.39598261  0.15623897  0.53683034
  0.48195547  0.63757862  0.44126188  0.37043992  0.28390533  0.25608343
  0.42310655  0.43428815  0.74510944  0.62139942  0.10372217  0.50374353
  0.29527704  0.49195544  0.03360184]",0.9316899316899316,0.22661122661122662,"[0.93109593 0.96851797 0.997327   0.96228096 0.96376596 0.93258093
 0.72289872 0.97386397 0.96940897 0.89307989 0.93525394 0.94327294
 0.997327   0.99465399 0.98099198 0.81110781 0.67923968 0.98960499
 0.98752599 0.96257796 0.96911197]","[0.54166667 0.4137931  0.         0.352      0.28205128 0.54480287
 0.84904153 0.63076923 0.25984252 0.40662651 0.44230769 0.39325843
 0.3        0.28571429 0.63013699 0.80525986 0.62790698 0.27659574
 0.27272727 0.28571429 0.09090909]","[0.41935484 0.11881188 0.         0.48888889 0.1047619  0.6031746
 0.58826785 0.67213115 0.78571429 0.45302013 0.22330097 0.20348837
 0.6        0.66666667 0.90196078 0.79826195 0.04900181 0.92857143
 0.33333333 0.88888889 0.02325581]","[0.47272727 0.18461538 0.         0.40930233 0.15277778 0.57250471
 0.69499837 0.65079365 0.39053254 0.42857143 0.29677419 0.26819923
 0.4        0.4        0.74193548 0.80174564 0.09090909 0.42622951
 0.3        0.43243243 0.03703704]",0.3881945749354183,0.5721877767936226,"[0.30952381 0.10169492 0.         0.25730994 0.08270677 0.40105541
 0.53256513 0.48235294 0.24264706 0.27272727 0.17424242 0.15486726
 0.25       0.25       0.58974359 0.66909469 0.04761905 0.27083333
 0.17647059 0.27586207 0.01886792]",0.26477067483368333,0.40074441687344914,"[0.89790846 0.90677879 0.74655361 0.8881678  0.87644077 0.92588143
 0.8187052  0.96614387 0.90911587 0.83478692 0.89992103 0.88278342
 0.9906762  0.96634219 0.92977591 0.88283965 0.71051083 0.87104589
 0.88195997 0.92567246 0.56510395]",0.8703387718680988,0.9407919475396802,0.8033449867114781,2.8265518265518264,1.9174339174339174
Disordered_Status,True,"['cytoskeleton', 'actin-filaments', 'intermediate-filaments', 'centrosome', 'microtubules', 'plasma-membrane', 'cytosol', 'endoplasmic-reticulum', 'golgi-apparatus', 'vesicles', 'endosomes', 'lysosomes', 'peroxisomes', 'lipid-droplets', 'mitochondria', 'nucleoplasm', 'nuclear-bodies', 'nuclear-membrane', 'nuclear-speckles', 'nucleoli', 'nucleoli-fibrillar-center']","[ 21.   1.   2.  12.   4.  48. 182.  10.  12.  32.  14.  10.   1.   1.
  24. 219.  13.   7.   6.   8.   1.]",0.38706570179733274,0.72522104186018,"[ 0.33964382  0.27349783  0.          0.24522167  0.1791062   0.61195796
  0.461955    0.58992933  0.28500185  0.33280652  0.31463284  0.19924155
  0.          0.          0.81233231  0.64381141  0.11538789  0.65162285
  0.39824698  0.35069717 -0.00655509]",0.935124508519004,0.21100917431192662,"[0.93807339 0.97247706 0.99541284 0.97018349 0.9793578  0.9266055
 0.72247706 0.98394495 0.97477064 0.91055046 0.94495413 0.94954128
 0.99770642 0.99770642 0.98165138 0.82110092 0.63761468 0.99082569
 0.9793578  0.98394495 0.9793578 ]","[0.38095238 1.         0.         0.16666667 0.25       0.625
 0.8021978  0.5        0.08333333 0.375      0.42857143 0.3
 0.         0.         0.75       0.85844749 0.69230769 0.42857143
 0.5        0.125      0.        ]","[0.36363636 0.07692308 0.         0.4        0.14285714 0.68181818
 0.63203463 0.71428571 1.         0.38709677 0.27272727 0.16666667
 0.         0.         0.9        0.8        0.05521472 1.
 0.33333333 1.         0.        ]","[0.37209302 0.14285714 0.         0.23529412 0.18181818 0.65217391
 0.70702179 0.58823529 0.15384615 0.38095238 0.33333333 0.21428571
 0.         0.         0.81818182 0.82819383 0.10227273 0.6
 0.4        0.22222222 0.        ]",0.33013245939049274,0.5953678474114441,"[0.22857143 0.07692308 0.         0.13333333 0.1        0.48387097
 0.54681648 0.41666667 0.08333333 0.23529412 0.2        0.12
 0.         0.         0.69230769 0.70676692 0.05389222 0.42857143
 0.25       0.125      0.        ]",0.2324451265408952,0.4238603297769156,"[0.88812392 0.99310345 0.73502304 0.87283805 0.90277778 0.93395619
 0.80453405 0.96760563 0.87028302 0.80600248 0.92738659 0.89647887
 0.95172414 0.9862069  0.95074838 0.90482503 0.73158756 0.87945388
 0.94534884 0.82067757 0.89195402]",0.8886018757848652,0.9484424107622997,0.8455007110902243,2.555045871559633,1.926605504587156
Disordered_Status,False,"['cytoskeleton', 'actin-filaments', 'intermediate-filaments', 'centrosome', 'microtubules', 'plasma-membrane', 'cytosol', 'endoplasmic-reticulum', 'golgi-apparatus', 'vesicles', 'endosomes', 'lysosomes', 'peroxisomes', 'lipid-droplets', 'mitochondria', 'nucleoplasm', 'nuclear-bodies', 'nuclear-membrane', 'nuclear-speckles', 'nucleoli', 'nucleoli-fibrillar-center']","[ 171.   28.    4.  113.   35.  359. 1109.  156.  133.  350.  103.  109.
   10.   23.  311. 1399.   73.   41.   27.  162.   21.]",0.43167561102453567,0.6787087959361213,"[ 0.45580316  0.21052984 -0.00102655  0.41160296  0.15554894  0.62124613
  0.50472727  0.66192167  0.42240216  0.38773686  0.29586277  0.36233074
  0.42311032  0.50076794  0.85273384  0.64798608  0.11201183  0.46820317
  0.26742082  0.49563597  0.03799362]",0.9357044179424286,0.28004736530491414,"[0.93901717 0.97217288 0.99792777 0.96625222 0.96625222 0.92984014
 0.74629959 0.97039668 0.96743635 0.88277087 0.92984014 0.94049734
 0.9973357  0.9946714  0.97631735 0.8294849  0.72646536 0.99052694
 0.99023091 0.96417999 0.97187685]","[0.56140351 0.39285714 0.         0.37168142 0.28571429 0.64066852
 0.83228133 0.67307692 0.2406015  0.46857143 0.49514563 0.5412844
 0.3        0.34782609 0.81672026 0.7877055  0.61643836 0.24390244
 0.22222222 0.29012346 0.0952381 ]","[0.42290749 0.125      0.         0.49411765 0.1010101  0.68047337
 0.57904642 0.68181818 0.7804878  0.43850267 0.21610169 0.28095238
 0.6        0.72727273 0.91696751 0.79797248 0.04782147 0.90909091
 0.33333333 0.88679245 0.02564103]","[0.48241206 0.18965517 0.         0.42424242 0.14925373 0.65997131
 0.68294488 0.67741935 0.36781609 0.45303867 0.30088496 0.36990596
 0.4        0.47058824 0.86394558 0.79280576 0.0887574  0.38461538
 0.26666667 0.4372093  0.04040404]",0.4048827124777842,0.5838883313566281,"[0.31788079 0.1047619  0.         0.26923077 0.08064516 0.49250535
 0.51853933 0.51219512 0.22535211 0.29285714 0.17708333 0.22692308
 0.25       0.30769231 0.76047904 0.65673421 0.04643963 0.23809524
 0.15384615 0.2797619  0.02061856]",0.28245910170348054,0.41231800025769877,"[0.9111009  0.91089552 0.78904861 0.90232962 0.88720995 0.93772219
 0.83192327 0.96664359 0.90870165 0.8434148  0.88927889 0.89998625
 0.9969715  0.96888486 0.96665258 0.89619128 0.74513087 0.87818765
 0.88273263 0.93179166 0.6000539 ]",0.8830881975795748,0.9436181869688463,0.8043802013341531,2.759621077560687,1.8425103611604499
Length_Status,"[0, 400)","['cytoskeleton', 'actin-filaments', 'intermediate-filaments', 'centrosome', 'microtubules', 'plasma-membrane', 'cytosol', 'endoplasmic-reticulum', 'golgi-apparatus', 'vesicles', 'endosomes', 'lysosomes', 'peroxisomes', 'lipid-droplets', 'mitochondria', 'nucleoplasm', 'nuclear-bodies', 'nuclear-membrane', 'nuclear-speckles', 'nucleoli', 'nucleoli-fibrillar-center']","[ 35.   6.   1.  22.   7. 130. 491.  78.  56. 181.  47.  48.   8.  11.
 215. 652.  52.  12.   7.  72.  13.]",0.4048507896788815,0.6926436789904605,"[ 0.22916965  0.25448644  0.          0.27792198 -0.00599618  0.67519839
  0.5240223   0.703878    0.47621634  0.4183797   0.34271548  0.41490533
  0.40651727  0.48979131  0.86862644  0.5998813   0.12447177  0.
  0.24810614  0.37655931  0.0353427 ]",0.9418849464363118,0.32769830949284784,"[0.9603381  0.99219766 0.9993498  0.98504551 0.98764629 0.95123537
 0.75552666 0.96814044 0.97074122 0.88036411 0.92782835 0.94473342
 0.99544863 0.99414824 0.96944083 0.80494148 0.77698309 0.99219766
 0.99219766 0.95968791 0.97139142]","[0.28571429 0.33333333 0.         0.18181818 0.         0.67692308
 0.84928717 0.79487179 0.33928571 0.48066298 0.59574468 0.625
 0.25       0.36363636 0.83255814 0.76226994 0.5        0.
 0.28571429 0.19444444 0.07692308]","[0.2173913  0.2        0.         0.44444444 0.         0.72727273
 0.57997218 0.65263158 0.7037037  0.49152542 0.23333333 0.30927835
 0.66666667 0.66666667 0.94210526 0.7741433  0.07580175 0.
 0.22222222 0.77777778 0.03030303]","[0.24691358 0.25       0.         0.25806452 0.         0.70119522
 0.6892562  0.71676301 0.45783133 0.48603352 0.33532934 0.4137931
 0.36363636 0.47058824 0.88395062 0.76816074 0.13164557 0.
 0.25       0.31111111 0.04347826]",0.37036908137846725,0.6106616884463805,"[0.14084507 0.14285714 0.         0.14814815 0.         0.5398773
 0.5258512  0.55855856 0.296875   0.32103321 0.20143885 0.26086957
 0.22222222 0.30769231 0.7920354  0.62358846 0.0704607  0.
 0.14285714 0.18421053 0.02222222]",0.26198300113867035,0.43953418931024185,"[0.85316985 0.84878155 0.83344177 0.83872032 0.74255855 0.93698645
 0.84430543 0.97505269 0.9141604  0.8262946  0.89989583 0.88610179
 0.9880719  0.94320414 0.96976568 0.88895082 0.7587742  0.75043687
 0.83148269 0.91941413 0.57276166]",0.8582062533117355,0.9442354340999783,0.8085466640077467,2.735370611183355,1.7405721716514955
Length_Status,"[400, 800)","['cytoskeleton', 'actin-filaments', 'intermediate-filaments', 'centrosome', 'microtubules', 'plasma-membrane', 'cytosol', 'endoplasmic-reticulum', 'golgi-apparatus', 'vesicles', 'endosomes', 'lysosomes', 'peroxisomes', 'lipid-droplets', 'mitochondria', 'nucleoplasm', 'nuclear-bodies', 'nuclear-membrane', 'nuclear-speckles', 'nucleoli', 'nucleoli-fibrillar-center']","[ 66.   7.   2.  45.  16. 167. 449.  72.  51. 133.  39.  49.   2.  10.
 102. 560.  19.  17.  13.  59.   5.]",0.45097793086598237,0.6824789623400265,"[ 0.42321355  0.42370653 -0.00148368  0.34249781  0.24056727  0.58827286
  0.50448858  0.62067369  0.47827976  0.38550649  0.24474355  0.33149218
  0.49925816  0.56357957  0.82477706  0.66307484  0.12761669  0.49178606
  0.28886734  0.57447921 -0.00934722]",0.9355908289241622,0.27555555555555555,"[0.94074074 0.98296296 0.99703704 0.96444444 0.97111111 0.91481481
 0.75481481 0.96444444 0.97111111 0.8837037  0.93111111 0.93333333
 0.99851852 0.99481481 0.9762963  0.8362963  0.70814815 0.99037037
 0.98888889 0.97111111 0.97333333]","[0.5        0.85714286 0.         0.28888889 0.375      0.5988024
 0.79955457 0.58333333 0.25490196 0.48120301 0.41025641 0.48979592
 0.5        0.4        0.80392157 0.80535714 0.78947368 0.29411765
 0.23076923 0.37288136 0.        ]","[0.4125     0.21428571 0.         0.44827586 0.17142857 0.67567568
 0.59833333 0.7        0.92857143 0.42105263 0.18604651 0.26966292
 0.5        0.8        0.87234043 0.80106572 0.03703704 0.83333333
 0.375      0.91666667 0.        ]","[0.45205479 0.34285714 0.         0.35135135 0.23529412 0.63492063
 0.68446139 0.63636364 0.4        0.44912281 0.256      0.34782609
 0.5        0.53333333 0.83673469 0.8032057  0.07075472 0.43478261
 0.28571429 0.53012048 0.        ]",0.4183284658564904,0.5796500920810314,"[0.2920354  0.20689655 0.         0.21311475 0.13333333 0.46511628
 0.52028986 0.46666667 0.25       0.28959276 0.14678899 0.21052632
 0.33333333 0.36363636 0.71929825 0.67113095 0.03667482 0.27777778
 0.16666667 0.36065574 0.        ]",0.2915968951776638,0.4081037277147488,"[0.90183376 0.96755664 0.57418398 0.87438059 0.92574025 0.93036075
 0.8342228  0.95684446 0.90911561 0.85601226 0.85693051 0.90727698
 0.99888724 0.99477612 0.95424051 0.90204114 0.82308514 0.92153921
 0.90115644 0.95145006 0.7063197 ]",0.8879978162381151,0.9450574238872721,0.81004484250604,2.6992592592592595,1.822962962962963
Length_Status,"[800, 1200)","['cytoskeleton', 'actin-filaments', 'intermediate-filaments', 'centrosome', 'microtubules', 'plasma-membrane', 'cytosol', 'endoplasmic-reticulum', 'golgi-apparatus', 'vesicles', 'endosomes', 'lysosomes', 'mitochondria', 'nucleoplasm', 'nuclear-bodies', 'nuclear-membrane', 'nuclear-speckles', 'nucleoli', 'nucleoli-fibrillar-center']","[ 38.   5.   1.  27.   5.  64. 197.  13.  22.  35.  19.  15.  13. 221.
  10.  10.   7.  27.   2.]",0.4258507227211368,0.6881805990704151,"[ 0.54629789  0.0925147   0.          0.52410342  0.06757573  0.6240619
  0.43585982  0.61528071  0.20879136  0.24612331  0.28522913  0.27004146
  0.73427594  0.7369575   0.11345302  0.5439581   0.3716481   0.53401362
 -0.00880369]",0.9203358591030104,0.20428015564202334,"[0.92607004 0.96108949 0.99805447 0.95719844 0.94357977 0.91634241
 0.70817121 0.9844358  0.95914397 0.88326848 0.92996109 0.94163424
 0.98832685 0.86964981 0.60700389 0.98638132 0.98638132 0.96303502
 0.9766537 ]","[0.68421053 0.2        0.         0.48148148 0.2        0.6875
 0.79187817 0.38461538 0.04545455 0.37142857 0.42105263 0.4
 0.61538462 0.87782805 0.8        0.3        0.28571429 0.2962963
 0.        ]","[0.5        0.05882353 0.         0.61904762 0.03846154 0.65671642
 0.58867925 1.         1.         0.25490196 0.24242424 0.22222222
 0.88888889 0.82905983 0.03846154 1.         0.5        1.
 0.        ]","[0.57777778 0.09090909 0.         0.54166667 0.06451613 0.67175573
 0.67532468 0.55555556 0.08695652 0.30232558 0.30769231 0.28571429
 0.72727273 0.85274725 0.0733945  0.46153846 0.36363636 0.45714286
 0.        ]",0.37346981446044436,0.5609480812641083,"[0.40625    0.04761905 0.         0.37142857 0.03333333 0.50574713
 0.50980392 0.38461538 0.04545455 0.17808219 0.18181818 0.16666667
 0.57142857 0.74329502 0.03809524 0.3        0.22222222 0.2962963
 0.        ]",0.2632713851537567,0.3898039215686275,"[0.93819107 0.95324165 0.64327485 0.93961518 0.86168959 0.94572917
 0.80030105 0.9500998  0.89634146 0.86543394 0.93652313 0.94121576
 0.92568709 0.92182602 0.71210317 0.87440476 0.91941392 0.93528025
 0.67773438]",0.8756898014500084,0.9410526172348452,0.8170201941871504,2.67704280155642,2.0252918287937742
Length_Status,"[1200, âˆž)","['cytoskeleton', 'actin-filaments', 'intermediate-filaments', 'centrosome', 'microtubules', 'plasma-membrane', 'cytosol', 'endoplasmic-reticulum', 'golgi-apparatus', 'vesicles', 'endosomes', 'lysosomes', 'peroxisomes', 'lipid-droplets', 'mitochondria', 'nucleoplasm', 'nuclear-bodies', 'nuclear-membrane', 'nuclear-speckles', 'nucleoli', 'nucleoli-fibrillar-center']","[ 53.  11.   2.  31.  11.  46. 154.   3.  16.  33.  12.   7.   1.   3.
   5. 185.   5.   9.   6.  12.   2.]",0.44515218324741523,0.6539081974325451,"[ 0.49652766  0.08471004 -0.0034451   0.40699348  0.17300475  0.55951532
  0.47769981  0.57594381  0.          0.37444646  0.30600729  0.17498929
  0.          0.          0.66725416  0.67547131  0.14803312  0.74168427
  0.32348112  0.57166195  0.19557088]",0.9220989366620435,0.1383495145631068,"[0.86893204 0.87621359 0.99271845 0.91747573 0.91262136 0.91262136
 0.70631068 0.99514563 0.96116505 0.91747573 0.94902913 0.95631068
 0.99757282 0.99271845 0.99271845 0.83980583 0.65291262 0.99029126
 0.98058252 0.98058252 0.97087379]","[0.66037736 0.27272727 0.         0.4516129  0.36363636 0.60869565
 0.88961039 0.33333333 0.         0.36363636 0.41666667 0.28571429
 0.         0.         0.6        0.8        1.         0.55555556
 0.33333333 0.33333333 0.5       ]","[0.49295775 0.06521739 0.         0.4516129  0.12121212 0.60869565
 0.56846473 1.         0.         0.48       0.26315789 0.13333333
 0.         0.         0.75       0.83615819 0.03378378 1.
 0.33333333 1.         0.08333333]","[0.56451613 0.10526316 0.         0.4516129  0.18181818 0.60869565
 0.69367089 0.5        0.         0.4137931  0.32258065 0.18181818
 0.         0.         0.66666667 0.81767956 0.06535948 0.71428571
 0.33333333 0.5        0.14285714]",0.3459024158536516,0.5482573726541555,"[0.39325843 0.05555556 0.         0.29166667 0.1        0.4375
 0.53100775 0.33333333 0.         0.26086957 0.19230769 0.1
 0.         0.         0.5        0.69158879 0.03378378 0.55555556
 0.2        0.33333333 0.07692308]",0.24222302507749496,0.37765466297322253,"[0.88458506 0.81636817 0.98902439 0.91304716 0.91045114 0.93745545
 0.77665358 0.98451508 0.88162879 0.8576797  0.89458333 0.85784832
 1.         0.99022005 0.94987715 0.88484343 0.8009828  0.99972429
 0.90106732 0.804375   0.8902439 ]",0.9011987681866781,0.9390297369717088,0.7980119992787381,2.9344660194174756,2.1480582524271843
Beta_Fraction_Status,0,"['cytoskeleton', 'actin-filaments', 'intermediate-filaments', 'centrosome', 'microtubules', 'plasma-membrane', 'cytosol', 'endoplasmic-reticulum', 'golgi-apparatus', 'vesicles', 'endosomes', 'lysosomes', 'peroxisomes', 'lipid-droplets', 'mitochondria', 'nucleoplasm', 'nuclear-bodies', 'nuclear-membrane', 'nuclear-speckles', 'nucleoli', 'nucleoli-fibrillar-center']","[124.  13.   3.  88.  27. 188. 598. 104.  89. 202.  64.  52.   5.  16.
 155. 685.  20.  23.  16. 105.   5.]",0.4399025400772151,0.6454850803806161,"[ 0.47160773  0.11741767 -0.00094493  0.49191269  0.1512306   0.56573937
  0.46696697  0.64970632  0.4271809   0.37423682  0.28184463  0.3302471
  0.44672564  0.52761619  0.80280988  0.65825376  0.08956197  0.36998515
  0.37239955  0.56561056 -0.00770262]",0.9310237446477229,0.24850136239782017,"[0.92152589 0.973297   0.99782016 0.95803815 0.95040872 0.92370572
 0.72970027 0.96185286 0.96021798 0.87029973 0.91825613 0.9346049
 0.99782016 0.99346049 0.97111717 0.83923706 0.73242507 0.98910082
 0.99073569 0.96185286 0.9760218 ]","[0.59677419 0.23076923 0.         0.45454545 0.2962963  0.57446809
 0.80267559 0.68269231 0.24719101 0.47524752 0.484375   0.55769231
 0.2        0.375      0.75483871 0.79708029 0.65       0.17391304
 0.3125     0.35238095 0.        ]","[0.44047619 0.07142857 0.         0.57971014 0.1        0.64285714
 0.55944056 0.65740741 0.78571429 0.42105263 0.20945946 0.23015873
 1.         0.75       0.88636364 0.77777778 0.02615694 0.8
 0.45454545 0.94871795 0.        ]","[0.50684932 0.10909091 0.         0.50955414 0.14953271 0.60674157
 0.65934066 0.66981132 0.37606838 0.44651163 0.29245283 0.3258427
 0.33333333 0.5        0.81533101 0.78731074 0.05029014 0.28571429
 0.37037037 0.51388889 0.        ]",0.39562071072646676,0.5599337748344371,"[0.33944954 0.05769231 0.         0.34188034 0.08080808 0.43548387
 0.49180328 0.5035461  0.23157895 0.28742515 0.17127072 0.19463087
 0.2        0.33333333 0.68823529 0.64922711 0.02579365 0.16666667
 0.22727273 0.34579439 0.        ]",0.27485201827078554,0.38882501724534374,"[0.90726042 0.88647302 0.71979622 0.91538091 0.85443297 0.91417665
 0.81282799 0.96887082 0.90585866 0.84232385 0.89752435 0.90475215
 0.98098361 0.99079164 0.95130184 0.89802475 0.7876584  0.88153854
 0.85311297 0.94737132 0.72043716]",0.8828999163200132,0.9408246173359603,0.7828138610091794,2.8643051771117167,1.8844686648501363
Beta_Fraction_Status,"[0, 0.1)","['cytoskeleton', 'actin-filaments', 'intermediate-filaments', 'centrosome', 'microtubules', 'plasma-membrane', 'cytosol', 'endoplasmic-reticulum', 'golgi-apparatus', 'vesicles', 'endosomes', 'lysosomes', 'peroxisomes', 'lipid-droplets', 'mitochondria', 'nucleoplasm', 'nuclear-bodies', 'nuclear-membrane', 'nuclear-speckles', 'nucleoli', 'nucleoli-fibrillar-center']","[ 47.  13.   3.  20.  11. 115. 256.  28.  22.  77.  28.  25.   3.   3.
  57. 434.  25.  14.  14.  30.   1.]",0.4434752171504449,0.7063143257356322,"[ 0.423206    0.31346198 -0.00199545  0.13934841  0.19424849  0.63029457
  0.45882228  0.64527868  0.34044243  0.34358659  0.31490732  0.26621751
  0.5766855  -0.00199545  0.86106259  0.65076329  0.07065845  0.5944972
  0.24330264  0.47874364 -0.00595396]",0.9300492610837439,0.21264367816091953,"[0.93678161 0.95172414 0.9954023  0.96321839 0.97241379 0.9183908
 0.73218391 0.97931034 0.97701149 0.89655172 0.93908046 0.94827586
 0.99770115 0.9954023  0.98390805 0.82528736 0.60689655 0.98965517
 0.97931034 0.97356322 0.96896552]","[0.4893617  0.61538462 0.         0.15       0.27272727 0.64347826
 0.79296875 0.60714286 0.18181818 0.38961039 0.46428571 0.36
 0.33333333 0.         0.77192982 0.83640553 0.6        0.35714286
 0.21428571 0.26666667 0.        ]","[0.42592593 0.17777778 0.         0.16666667 0.15789474 0.71153846
 0.53002611 0.70833333 0.66666667 0.4109589  0.25490196 0.23684211
 1.         0.         0.97777778 0.81756757 0.04322767 1.
 0.3        0.88888889 0.        ]","[0.45544554 0.27586207 0.         0.15789474 0.2        0.67579909
 0.63536776 0.65384615 0.28571429 0.4        0.32911392 0.28571429
 0.5        0.         0.8627451  0.82687927 0.08064516 0.52631579
 0.25       0.41025641 0.        ]",0.3719809323192382,0.5638225255972696,"[0.29487179 0.16       0.         0.08571429 0.11111111 0.51034483
 0.46559633 0.48571429 0.16666667 0.25       0.1969697  0.16666667
 0.33333333 0.         0.75862069 0.70485437 0.04201681 0.35714286
 0.14285714 0.25806452 0.        ]",0.26145454192134326,0.3925855513307985,"[0.907991   0.96741765 0.76701269 0.87164706 0.93322045 0.95606104
 0.81261452 0.96246183 0.93932247 0.83529585 0.90100102 0.91446154
 0.99961553 0.85928489 0.97147235 0.9046844  0.68591716 0.9097964
 0.92414887 0.9184127  0.86996548]",0.8958002316543789,0.9464202718001159,0.8245285891528021,2.635632183908046,1.9586206896551723
Beta_Fraction_Status,"[0.1, 0.2)","['cytoskeleton', 'actin-filaments', 'centrosome', 'plasma-membrane', 'cytosol', 'endoplasmic-reticulum', 'golgi-apparatus', 'vesicles', 'endosomes', 'lysosomes', 'peroxisomes', 'lipid-droplets', 'mitochondria', 'nucleoplasm', 'nuclear-bodies', 'nuclear-membrane', 'nuclear-speckles', 'nucleoli', 'nucleoli-fibrillar-center']","[ 14.   3.  10.  45. 202.  20.  22.  47.   9.  17.   3.   4.  69. 240.
  14.   8.   1.  12.   3.]",0.48317487965063866,0.7769998730135574,"[ 0.35910517  0.16554271  0.17449034  0.70894309  0.64256229  0.68282601
  0.37123457  0.49682836  0.265755    0.38817139  0.40557519  0.70578385
  0.89260238  0.72076889  0.16063128  0.70444848 -0.00323748  0.19758556
  0.15770163]",0.9455062236597079,0.3612662942271881,"[0.96275605 0.97765363 0.97951583 0.95530726 0.81750466 0.97951583
 0.96461825 0.91806331 0.95716946 0.94972067 0.99441341 0.99627561
 0.97579143 0.86219739 0.73556797 0.99255121 0.99255121 0.97765363
 0.97579143]","[0.42857143 0.33333333 0.1        0.73333333 0.88613861 0.6
 0.18181818 0.55319149 0.44444444 0.52941176 0.33333333 0.5
 0.91304348 0.83333333 0.71428571 0.5        0.         0.08333333
 0.33333333]","[0.33333333 0.09090909 0.33333333 0.73333333 0.70472441 0.8
 0.8        0.53061224 0.18181818 0.32142857 0.5        1.
 0.9        0.85470085 0.06756757 1.         0.         0.5
 0.08333333]","[0.375      0.14285714 0.15384615 0.73333333 0.78508772 0.68571429
 0.2962963  0.54166667 0.25806452 0.4        0.4        0.66666667
 0.90647482 0.84388186 0.12345679 0.66666667 0.         0.14285714
 0.13333333]",0.4344843889722312,0.667065868263473,"[0.23076923 0.07692308 0.08333333 0.57894737 0.64620939 0.52173913
 0.17391304 0.37142857 0.14814815 0.25       0.25       0.5
 0.82894737 0.72992701 0.06578947 0.5        0.         0.07692308
 0.07142857]",0.32128562036706454,0.5004492362982929,"[0.86670309 0.75905119 0.8288425  0.9468383  0.89039456 0.95048356
 0.88022948 0.83960052 0.88741582 0.92149321 0.99812734 0.99296435
 0.97342995 0.93410494 0.79500137 0.99220227 0.98134328 0.91206349
 0.61423221]",0.8928695495198099,0.9527959332914105,0.8681375937067273,2.3277467411545625,1.7262569832402235
Beta_Fraction_Status,"[0.2, 1)","['cytoskeleton', 'centrosome', 'microtubules', 'plasma-membrane', 'cytosol', 'endoplasmic-reticulum', 'golgi-apparatus', 'vesicles', 'endosomes', 'lysosomes', 'lipid-droplets', 'mitochondria', 'nucleoplasm', 'nuclear-bodies', 'nuclear-membrane', 'nuclear-speckles', 'nucleoli', 'nucleoli-fibrillar-center']","[  7.   7.   1.  59. 235.  14.  12.  56.  16.  25.   1.  54. 259.  27.
   3.   2.  23.  13.]",0.374292850421534,0.6844867473459831,"[0.11370226 0.         0.         0.69358216 0.51371358 0.70711726
 0.49602993 0.37146899 0.34332749 0.47278524 0.         0.91621724
 0.52893231 0.22256184 0.         0.40573946 0.19640905 0.07498223]",0.9367715617715617,0.3548951048951049,"[0.97552448 0.98776224 0.99825175 0.94055944 0.73601399 0.98601399
 0.98426573 0.88986014 0.93881119 0.9458042  0.99825175 0.98601399
 0.76748252 0.81293706 0.99475524 0.99475524 0.95979021 0.96503497]","[0.14285714 0.         0.         0.76271186 0.88085106 0.71428571
 0.25       0.42857143 0.5625     0.6        0.         0.88888889
 0.6988417  0.59259259 0.         0.5        0.08695652 0.07692308]","[0.11111111 0.         0.         0.69230769 0.62727273 0.71428571
 1.         0.43636364 0.24324324 0.41666667 0.         0.96
 0.76694915 0.14285714 0.         0.33333333 0.5        0.11111111]","[0.125      0.         0.         0.72580645 0.73274336 0.71428571
 0.4        0.43243243 0.33962264 0.49180328 0.         0.92307692
 0.73131313 0.23021583 0.         0.4        0.14814815 0.09090909]",0.36029761123034937,0.6336522228474958,"[0.06666667 0.         0.         0.56962025 0.57821229 0.55555556
 0.25       0.27586207 0.20454545 0.32608696 0.         0.85714286
 0.57643312 0.1300813  0.         0.25       0.08       0.04761905]",0.264879198473128,0.46375617792421747,"[0.8528445  0.83059418 0.90017513 0.95589256 0.82962308 0.97606247
 0.87842262 0.83534053 0.86072392 0.863766   0.94570928 0.98595024
 0.8456832  0.77431193 0.466901   0.87280702 0.84382672 0.64276868]",0.8423001694454001,0.9315997412917895,0.8156573711322267,2.777972027972028,1.6835664335664335
Hydrophylic_Status,"[0, 0.28)","['cytoskeleton', 'centrosome', 'microtubules', 'plasma-membrane', 'cytosol', 'endoplasmic-reticulum', 'golgi-apparatus', 'vesicles', 'endosomes', 'lysosomes', 'peroxisomes', 'lipid-droplets', 'mitochondria', 'nucleoplasm', 'nuclear-bodies', 'nuclear-membrane', 'nuclear-speckles', 'nucleoli', 'nucleoli-fibrillar-center']","[  4.   3.   1.  97.  80.  64.  33. 100.  30.  44.   2.   5.  45.  81.
   5.   6.   1.   3.   1.]",0.4490243469314659,0.6191600649249536,"[ 0.49528302  0.40489048  0.          0.62956625  0.56148458  0.73972519
  0.56408704  0.31966966  0.38134598  0.46011726  0.49765258  0.63022464
  0.80353152  0.62201794  0.14711225  0.70460669  0.          0.
 -0.00234192]",0.9360550909985244,0.3621495327102804,"[0.99065421 0.99299065 0.99766355 0.85046729 0.85981308 0.92990654
 0.94859813 0.74766355 0.84345794 0.86682243 0.9953271  0.99299065
 0.96495327 0.89252336 0.93224299 0.99299065 0.99766355 0.99299065
 0.9953271 ]","[0.5        0.33333333 0.         0.83505155 0.6875     0.828125
 0.39393939 0.51       0.73333333 0.68181818 0.5        0.4
 0.75555556 0.59259259 0.4        0.5        0.         0.
 0.        ]","[0.5        0.5        0.         0.62790698 0.61111111 0.73611111
 0.86666667 0.46363636 0.27160494 0.4109589  0.5        1.
 0.89473684 0.78688525 0.07142857 1.         0.         0.
 0.        ]","[0.5        0.4        0.         0.71681416 0.64705882 0.77941176
 0.54166667 0.48571429 0.3963964  0.51282051 0.5        0.57142857
 0.81927711 0.67605634 0.12121212 0.66666667 0.         0.
 0.        ]",0.4386591270997081,0.6048632218844985,"[0.33333333 0.25       0.         0.55862069 0.47826087 0.63855422
 0.37142857 0.32075472 0.24719101 0.34482759 0.33333333 0.4
 0.69387755 0.5106383  0.06451613 0.5        0.         0.
 0.        ]",0.3181755950806362,0.4335511982570806,"[0.9634434  0.96       0.9882904  0.92026661 0.82999282 0.95814732
 0.90310702 0.7489939  0.8360134  0.89322917 0.99765258 0.86524823
 0.92991007 0.93837834 0.91536643 0.85821485 0.29039813 0.96
 0.89929742]",0.8766289513519417,0.9237679889587568,0.7627756796682031,3.0210280373831777,1.661214953271028
Hydrophylic_Status,"[0.28, 0.34)","['cytoskeleton', 'actin-filaments', 'intermediate-filaments', 'centrosome', 'microtubules', 'plasma-membrane', 'cytosol', 'endoplasmic-reticulum', 'golgi-apparatus', 'vesicles', 'endosomes', 'lysosomes', 'peroxisomes', 'lipid-droplets', 'mitochondria', 'nucleoplasm', 'nuclear-bodies', 'nuclear-membrane', 'nuclear-speckles', 'nucleoli', 'nucleoli-fibrillar-center']","[ 44.   4.   2.  28.  10. 175. 493.  61.  68. 174.  57.  55.   6.  13.
 168. 524.  25.  23.   3.  39.   3.]",0.43242676221469784,0.6753066292802308,"[ 0.27780982  0.12445852  0.          0.20820271  0.05940975  0.70112376
  0.46501338  0.55280639  0.41674456  0.40693018  0.28103182  0.30316873
  0.28703755  0.55134014  0.84257644  0.63047029  0.11732789  0.5866134
  0.          0.35728627 -0.00523589]",0.9376304977436519,0.314002828854314,"[0.95403112 0.98797737 0.99858557 0.97736917 0.97949081 0.93776521
 0.72701556 0.96393211 0.96039604 0.86280057 0.91513437 0.91867044
 0.99575672 0.99292786 0.96817539 0.82956153 0.77227723 0.9893918
 0.99787836 0.97595474 0.98514851]","[0.31818182 0.25       0.         0.14285714 0.1        0.69714286
 0.79918864 0.55737705 0.22058824 0.52298851 0.45614035 0.49090909
 0.16666667 0.46153846 0.81547619 0.73664122 0.6        0.34782609
 0.         0.15384615 0.        ]","[0.28571429 0.06666667 0.         0.33333333 0.04761905 0.77707006
 0.57856094 0.5862069  0.83333333 0.45049505 0.22608696 0.23684211
 0.5        0.66666667 0.90728477 0.78936605 0.04587156 1.
 0.         0.85714286 0.        ]","[0.30107527 0.10526316 0.         0.2        0.06451613 0.73493976
 0.67120954 0.57142857 0.34883721 0.48404255 0.30232558 0.31952663
 0.25       0.54545455 0.85893417 0.76209279 0.08522727 0.51612903
 0.         0.26086957 0.        ]",0.3515177036175947,0.5817524841915086,"[0.17721519 0.05555556 0.         0.11111111 0.03333333 0.58095238
 0.50512821 0.4        0.21126761 0.31929825 0.17808219 0.19014085
 0.14285714 0.375      0.75274725 0.61562998 0.04451039 0.34782609
 0.         0.15       0.        ]",0.24717407221055793,0.4101910828025478,"[0.85738222 0.77234043 0.92953258 0.80921459 0.8764245  0.94813329
 0.81785386 0.92735027 0.89509221 0.84993975 0.86736739 0.86864673
 0.9938447  0.98555977 0.96722369 0.89440775 0.74177106 0.95877223
 0.86061895 0.90472727 0.43515237]",0.8648264572959387,0.940446643325124,0.8003564359591887,2.8373408769448374,1.7347949080622347
Hydrophylic_Status,"[0.34, 0.4)","['cytoskeleton', 'actin-filaments', 'intermediate-filaments', 'centrosome', 'microtubules', 'plasma-membrane', 'cytosol', 'endoplasmic-reticulum', 'golgi-apparatus', 'vesicles', 'endosomes', 'lysosomes', 'peroxisomes', 'lipid-droplets', 'mitochondria', 'nucleoplasm', 'nuclear-bodies', 'nuclear-membrane', 'nuclear-speckles', 'nucleoli', 'nucleoli-fibrillar-center']","[104.  19.   4.  65.  19. 107. 554.  31.  38.  90.  26.  19.   3.   4.
  93. 684.  35.  18.  11.  61.  13.]",0.3855880262980079,0.6937881125109466,"[ 0.43993399  0.1885593  -0.0014301   0.37829965  0.13203848  0.51230836
  0.47821392  0.60548733  0.22060512  0.25146975  0.16883712  0.1759695
  0.57693773  0.          0.87466684  0.62321915  0.09358698  0.33142173
  0.17083157  0.41961532  0.08314408]",0.9323272492437374,0.22626695217701642,"[0.91291934 0.95360457 0.99643112 0.95217702 0.95289079 0.93718772
 0.71520343 0.98501071 0.97287652 0.91506067 0.95431834 0.96788009
 0.99857245 0.9971449  0.98501071 0.81156317 0.6566738  0.98857959
 0.99143469 0.96431121 0.97002141]","[0.54807692 0.36842105 0.         0.33846154 0.26315789 0.48598131
 0.86823105 0.51612903 0.10526316 0.27777778 0.26923077 0.26315789
 0.33333333 0.         0.83870968 0.81725146 0.62857143 0.11111111
 0.09090909 0.21311475 0.15384615]","[0.43181818 0.11666667 0.         0.47826087 0.0877193  0.61176471
 0.5960347  0.72727273 0.5        0.3164557  0.13461538 0.13888889
 1.         0.         0.92857143 0.8008596  0.04489796 1.
 0.33333333 0.86666667 0.06060606]","[0.48305085 0.17721519 0.         0.3963964  0.13157895 0.54166667
 0.70683321 0.60377358 0.17391304 0.29585799 0.17948718 0.18181818
 0.5        0.         0.88135593 0.8089725  0.08380952 0.2
 0.14285714 0.34210526 0.08695652]",0.3294118154227085,0.5771926098959439,"[0.31843575 0.09722222 0.         0.24719101 0.07042254 0.37142857
 0.54659091 0.43243243 0.0952381  0.17361111 0.09859155 0.1
 0.33333333 0.         0.78787879 0.67922236 0.04373757 0.11111111
 0.07692308 0.20634921 0.04545455]",0.23024638972803216,0.40567164179104476,"[0.89004952 0.89507959 0.64853257 0.8948526  0.87992231 0.92268414
 0.80675691 0.9771368  0.89603043 0.79990677 0.90623776 0.84766547
 0.98879351 0.98389406 0.97005195 0.878082   0.68523321 0.80533462
 0.83132767 0.92479814 0.59061184]",0.858237232928539,0.9449772494297164,0.8175449067550025,2.7351891506067094,1.9350463954318344
Hydrophylic_Status,"[0.4, 1)","['cytoskeleton', 'actin-filaments', 'centrosome', 'microtubules', 'plasma-membrane', 'cytosol', 'endoplasmic-reticulum', 'golgi-apparatus', 'vesicles', 'endosomes', 'lysosomes', 'lipid-droplets', 'mitochondria', 'nucleoplasm', 'nuclear-bodies', 'nuclear-membrane', 'nuclear-speckles', 'nucleoli', 'nucleoli-fibrillar-center']","[ 40.   6.  29.   9.  28. 164.  10.   6.  18.   4.   1.   2.  29. 329.
  21.   1.  18.  67.   5.]",0.48495090791749745,0.7355700063063196,"[ 0.57674433  0.31370991  0.55328252  0.29682866  0.26318411  0.53170882
  0.73345347  0.40645378  0.554692    0.3089432  -0.00393676  0.
  0.86580025  0.62906928  0.10232242 -0.00175439  0.36181155  0.59730012
 -0.02364989]",0.9272744031707991,0.2136602451838879,"[0.92644483 0.95971979 0.95621716 0.95271454 0.94921191 0.76707531
 0.99124343 0.99124343 0.97548161 0.98248687 0.98949212 0.99649737
 0.98774081 0.81961471 0.56217163 0.99649737 0.95446585 0.92819615
 0.93169877]","[0.775      0.66666667 0.5862069  0.55555556 0.17857143 0.84756098
 0.7        0.16666667 0.5        0.5        0.         0.
 0.79310345 0.90273556 0.71428571 0.         0.44444444 0.43283582
 0.        ]","[0.484375   0.16       0.56666667 0.17857143 0.45454545 0.56275304
 0.77777778 1.         0.64285714 0.2        0.         0.
 0.95833333 0.80706522 0.05791506 0.         0.33333333 0.90625
 0.        ]","[0.59615385 0.25806452 0.57627119 0.27027027 0.25641026 0.67639903
 0.73684211 0.28571429 0.5625     0.28571429 0.         0.
 0.86792453 0.85222382 0.10714286 0.         0.38095238 0.58585859
 0.        ]",0.3841285235511223,0.6001013684744044,"[0.42465753 0.14814815 0.4047619  0.15625    0.14705882 0.51102941
 0.58333333 0.16666667 0.39130435 0.16666667 0.         0.
 0.76666667 0.7425     0.05660377 0.         0.23529412 0.41428571
 0.        ]",0.279748795217255,0.42867487328023174,"[0.9492467  0.97610619 0.95451075 0.87603796 0.91318074 0.86475999
 0.99910873 0.88761062 0.88095238 0.97883598 0.59824561 1.
 0.98606693 0.86970283 0.7230303  0.52807018 0.91892706 0.91050699
 0.46961131]",0.8570795406848403,0.9593977315232598,0.8447287716661618,2.25569176882662,2.0770577933450087
Negative_Status,"[0, 0.08)","['plasma-membrane', 'cytosol', 'endoplasmic-reticulum', 'golgi-apparatus', 'vesicles', 'endosomes', 'lysosomes', 'peroxisomes', 'lipid-droplets', 'mitochondria', 'nucleoplasm', 'nuclear-bodies', 'nuclear-membrane', 'nuclear-speckles', 'nucleoli', 'nucleoli-fibrillar-center']",[81. 48. 43. 25. 63. 17. 27.  1.  3. 37. 98.  7.  8.  5.  5.  2.],0.5534801134116657,0.6969049641013204,"[ 0.73884278  0.55313398  0.72579825  0.55800911  0.35673152  0.45201669
  0.55355427  0.          0.57573981  0.90784778  0.76342179  0.07219611
  0.78722189  0.25022182  0.31046479 -0.00394481]",0.9380208333333333,0.42777777777777776,"[0.89722222 0.88888889 0.93611111 0.95277778 0.80833333 0.89722222
 0.91944444 0.99722222 0.99444444 0.98333333 0.90833333 0.87222222
 0.99166667 0.98333333 0.98611111 0.99166667]","[0.90123457 0.66666667 0.8372093  0.4        0.49206349 0.82352941
 0.74074074 0.         0.33333333 0.89189189 0.78571429 0.28571429
 0.625      0.2        0.2        0.        ]","[0.71568627 0.57142857 0.69230769 0.83333333 0.45588235 0.29166667
 0.47619048 0.         1.         0.94285714 0.86516854 0.04651163
 1.         0.33333333 0.5        0.        ]","[0.79781421 0.61538462 0.75789474 0.54054054 0.47328244 0.43076923
 0.57971014 0.         0.5        0.91666667 0.82352941 0.08
 0.76923077 0.25       0.28571429 0.        ]",0.48878356576492626,0.6530612244897959,"[0.66363636 0.44444444 0.61016949 0.37037037 0.31       0.2745098
 0.40816327 0.         0.33333333 0.84615385 0.7        0.04166667
 0.625      0.14285714 0.16666667 0.        ]",0.3710607121801218,0.48484848484848486,"[0.95291827 0.82525374 0.95825691 0.94340299 0.79626957 0.8850969
 0.94138583 1.         0.8487395  0.95523387 0.93476398 0.82719547
 0.99289773 0.78873239 0.84056338 0.57402235]",0.8790458046750849,0.9300221212243093,0.8118292814438647,2.4916666666666667,1.5527777777777778
Negative_Status,"[0.08, 0.12)","['cytoskeleton', 'actin-filaments', 'intermediate-filaments', 'centrosome', 'microtubules', 'plasma-membrane', 'cytosol', 'endoplasmic-reticulum', 'golgi-apparatus', 'vesicles', 'endosomes', 'lysosomes', 'peroxisomes', 'lipid-droplets', 'mitochondria', 'nucleoplasm', 'nuclear-bodies', 'nuclear-membrane', 'nuclear-speckles', 'nucleoli', 'nucleoli-fibrillar-center']","[ 41.  10.   1.  23.   8. 164. 415.  66.  48. 150.  42.  48.   6.  13.
 178. 533.  25.  11.   6.  53.   4.]",0.4527533812777393,0.7008509557450338,"[ 3.41160892e-01  2.03898946e-01 -7.43494424e-04  2.29568688e-01
  2.59070459e-01  6.38933597e-01  5.15992876e-01  6.39037383e-01
  5.16385905e-01  4.37853853e-01  2.58739862e-01  4.11834949e-01
  4.06117353e-01  4.86509842e-01  8.42827133e-01  6.68040307e-01
  1.69734589e-01  4.24971351e-01  4.97761194e-01  4.31071501e-01
 -7.51056023e-03]",0.940635392344159,0.31054977711738485,"[0.96062407 0.98216939 0.99851412 0.98216939 0.98662704 0.92273403
 0.76820208 0.96508172 0.97399703 0.87444279 0.92273403 0.93387816
 0.99554235 0.99182764 0.96508172 0.84249629 0.75185736 0.99331352
 0.99554235 0.96805349 0.97845468]","[0.36585366 0.3        0.         0.13043478 0.375      0.68292683
 0.79277108 0.68181818 0.3125     0.57333333 0.45238095 0.64583333
 0.33333333 0.38461538 0.82022472 0.76923077 0.8        0.18181818
 0.5        0.22641509 0.        ]","[0.35714286 0.15       0.         0.42857143 0.1875     0.68292683
 0.59279279 0.63380282 0.88235294 0.45026178 0.19       0.30097087
 0.5        0.625      0.9068323  0.82164329 0.05730659 1.
 0.5        0.85714286 0.        ]","[0.36144578 0.2        0.         0.2        0.25       0.68292683
 0.67835052 0.65693431 0.46153846 0.50439883 0.26760563 0.41059603
 0.4        0.47619048 0.86135693 0.79457364 0.10695187 0.30769231
 0.5        0.35820896 0.        ]",0.40375097950350297,0.6004761904761905,"[0.22058824 0.11111111 0.         0.11111111 0.14285714 0.51851852
 0.51326053 0.48913043 0.3        0.3372549  0.15447154 0.25833333
 0.25       0.3125     0.75647668 0.65916399 0.05649718 0.18181818
 0.33333333 0.21818182 0.        ]",0.2821241925550502,0.4290575025518884,"[0.90582189 0.96639222 0.77620818 0.86545729 0.93310912 0.94488465
 0.83808575 0.95089962 0.89609014 0.85860089 0.87503652 0.93221944
 0.99825871 0.98366899 0.96334847 0.91050449 0.79130961 0.89009193
 0.94266169 0.93256869 0.50428465]",0.8885477590237519,0.94984649744306,0.816935259504276,2.5824665676077267,1.74962852897474
Negative_Status,"[0.12, 0.16)","['cytoskeleton', 'actin-filaments', 'intermediate-filaments', 'centrosome', 'microtubules', 'plasma-membrane', 'cytosol', 'endoplasmic-reticulum', 'golgi-apparatus', 'vesicles', 'endosomes', 'lysosomes', 'peroxisomes', 'lipid-droplets', 'mitochondria', 'nucleoplasm', 'nuclear-bodies', 'nuclear-membrane', 'nuclear-speckles', 'nucleoli', 'nucleoli-fibrillar-center']","[ 91.  11.   3.  61.  19. 121. 624.  43.  54. 129.  46.  39.   3.   6.
 104. 711.  37.  22.  12.  84.  10.]",0.42161372376473044,0.6822690013186246,"[ 0.45555995  0.19773964 -0.00157271  0.39021797  0.15544672  0.58313405
  0.45536209  0.56705858  0.30968082  0.30079324  0.29614036  0.16524652
  0.57697982  0.57660865  0.84354877  0.60299343  0.08842538  0.48000605
  0.16795094  0.5025266   0.07981998]",0.9314102564102564,0.23717948717948717,"[0.93269231 0.96602564 0.99679487 0.96025641 0.96538462 0.94487179
 0.70641026 0.98012821 0.96858974 0.89615385 0.93910256 0.94358974
 0.99871795 0.9974359  0.98141026 0.8025641  0.67628205 0.98910256
 0.98782051 0.96025641 0.96602564]","[0.54945055 0.45454545 0.         0.3442623  0.26315789 0.55371901
 0.84775641 0.46511628 0.12962963 0.34883721 0.45652174 0.25641026
 0.33333333 0.33333333 0.79807692 0.79606188 0.59459459 0.27272727
 0.16666667 0.29761905 0.2       ]","[0.43859649 0.09615385 0.         0.48837209 0.11111111 0.67676768
 0.59304933 0.71428571 0.77777778 0.36585366 0.23076923 0.14492754
 1.         1.         0.91208791 0.77640604 0.04296875 0.85714286
 0.18181818 0.89285714 0.04255319]","[0.48780488 0.15873016 0.         0.40384615 0.15625    0.60909091
 0.69788918 0.56338028 0.22222222 0.35714286 0.30656934 0.18518519
 0.5        0.5        0.85128205 0.78611111 0.08014572 0.4137931
 0.17391304 0.44642857 0.07017544]",0.379521914757852,0.5699521531100479,"[0.32258065 0.0862069  0.         0.25301205 0.08474576 0.4379085
 0.53596758 0.39215686 0.125      0.2173913  0.18103448 0.10204082
 0.33333333 0.33333333 0.74107143 0.64759725 0.04174573 0.26086957
 0.0952381  0.28735632 0.03636364]",0.2626168377380801,0.39855460385438973,"[0.90121111 0.8262222  0.69942197 0.88288367 0.93476553 0.93262079
 0.80399922 0.96239518 0.92746299 0.82373144 0.89902935 0.84586726
 0.99314922 0.98670099 0.97139159 0.87717825 0.70376746 0.872414
 0.86073428 0.92991031 0.69909677]",0.87304540791494,0.9424627691060327,0.8083225096167858,2.7955128205128204,1.919871794871795
Negative_Status,"[0.16, 1)","['cytoskeleton', 'actin-filaments', 'intermediate-filaments', 'centrosome', 'microtubules', 'plasma-membrane', 'cytosol', 'endoplasmic-reticulum', 'golgi-apparatus', 'vesicles', 'endosomes', 'lysosomes', 'peroxisomes', 'lipid-droplets', 'mitochondria', 'nucleoplasm', 'nuclear-bodies', 'nuclear-membrane', 'nuclear-speckles', 'nucleoli', 'nucleoli-fibrillar-center']","[ 60.   8.   2.  41.  12.  41. 204.  14.  18.  40.  12.   5.   1.   2.
  16. 276.  17.   7.  10.  28.   6.]",0.40292563938737597,0.644247564826278,"[ 0.45974792  0.25910624  0.          0.46082406  0.0934436   0.26915689
  0.45344244  0.75559839  0.10447282  0.43104937  0.17611064  0.10609828
  0.          0.          0.78614868  0.63337959  0.08298259  0.
  0.34871123  0.58753199 -0.01640102]",0.9248348974626347,0.177007299270073,"[0.86861314 0.95255474 0.99635036 0.9270073  0.90875912 0.92335766
 0.69343066 0.98905109 0.96350365 0.93613139 0.95437956 0.9689781
 0.99817518 0.99635036 0.98905109 0.81569343 0.64051095 0.98722628
 0.97992701 0.96715328 0.96532847]","[0.65       0.5        0.         0.48780488 0.25       0.19512195
 0.87745098 0.64285714 0.05555556 0.35       0.25       0.2
 0.         0.         0.625      0.85869565 0.58823529 0.
 0.3        0.35714286 0.        ]","[0.43333333 0.15384615 0.         0.51282051 0.06818182 0.47058824
 0.55590062 0.9        0.25       0.60869565 0.15789474 0.07142857
 0.         0.         1.         0.79264214 0.05       0.
 0.42857143 1.         0.        ]","[0.52       0.23529412 0.         0.5        0.10714286 0.27586207
 0.68060837 0.75       0.09090909 0.44444444 0.19354839 0.10526316
 0.         0.         0.76923077 0.82434783 0.0921659  0.
 0.35294118 0.52631579 0.        ]",0.3080035213809048,0.5602440264361973,"[0.35135135 0.13333333 0.         0.33333333 0.05660377 0.16
 0.51585014 0.6        0.04761905 0.28571429 0.10714286 0.05555556
 0.         0.         0.625      0.70118343 0.04830918 0.
 0.21428571 0.35714286 0.        ]",0.21868689827867063,0.3891242937853107,"[0.87117486 0.94212963 0.76739927 0.89377977 0.70506841 0.87939578
 0.78505472 0.9982611  0.82672956 0.88051181 0.93159204 0.7160221
 0.99085923 0.9981685  0.92845395 0.87559942 0.71529855 0.73303406
 0.97211896 0.93866758 0.50153752]",0.8500408006869594,0.9372149755367313,0.7912045636542321,3.04014598540146,2.093065693430657
Multilocalizing_Status,True,"['cytoskeleton', 'actin-filaments', 'intermediate-filaments', 'centrosome', 'microtubules', 'plasma-membrane', 'cytosol', 'endoplasmic-reticulum', 'golgi-apparatus', 'vesicles', 'endosomes', 'lysosomes', 'peroxisomes', 'lipid-droplets', 'mitochondria', 'nucleoplasm', 'nuclear-bodies', 'nuclear-membrane', 'nuclear-speckles', 'nucleoli', 'nucleoli-fibrillar-center']","[118.  19.   3.  78.  28. 121. 652.  33.  57. 225.  76.  64.  11.  24.
  31. 656.  79.  25.  12. 108.  14.]",0.4898534014823058,0.7242272284186516,"[0.51118198 0.29641941 0.         0.39889532 0.20442675 0.43630852
 0.44969082 0.58054747 0.29028353 0.52810443 0.39502533 0.37697755
 0.52023398 0.57290049 0.5756919  0.58226645 0.22587626 0.39596435
 0.16211182 0.39951168 0.0349095 ]",0.9193650793650794,0.15047619047619049,"[0.90857143 0.95809524 0.99714286 0.93428571 0.94761905 0.89714286
 0.73809524 0.97714286 0.95047619 0.85809524 0.90571429 0.92
 0.99238095 0.9847619  0.97809524 0.77047619 0.74190476 0.98
 0.98761905 0.9152381  0.96380952]","[0.51694915 0.47368421 0.         0.29487179 0.28571429 0.4214876
 0.77300613 0.51515152 0.10526316 0.44444444 0.51315789 0.46875
 0.27272727 0.33333333 0.51612903 0.68292683 0.63291139 0.16
 0.08333333 0.18518519 0.07142857]","[0.61       0.20930233 0.         0.62162162 0.18604651 0.57303371
 0.79873217 0.68       0.85714286 0.80645161 0.38613861 0.375
 1.         1.         0.66666667 0.93139293 0.17123288 1.
 0.33333333 0.95238095 0.03846154]","[0.55963303 0.29032258 0.         0.4        0.22535211 0.48571429
 0.78565861 0.5862069  0.1875     0.5730659  0.44067797 0.41666667
 0.42857143 0.5        0.58181818 0.7880387  0.26954178 0.27586207
 0.13333333 0.31007752 0.05      ]",0.39466862192652197,0.611451048951049,"[0.38853503 0.16981132 0.         0.25       0.12698413 0.32075472
 0.64698331 0.41463415 0.10344828 0.40160643 0.2826087  0.26315789
 0.27272727 0.33333333 0.41025641 0.65021771 0.15576324 0.16
 0.07142857 0.18348624 0.02564103]",0.2681608450198307,0.4403525338369531,"[0.8843384  0.87977947 0.81470869 0.86571436 0.82911658 0.87149605
 0.78670962 0.94425077 0.87586792 0.83825993 0.8744056  0.89149658
 0.99361274 0.9725065  0.84019754 0.88439783 0.75803361 0.82762927
 0.93697816 0.91939923 0.63306674]",0.8629507418569399,0.9284300266011281,0.8097228474198899,4.648571428571429,2.04
Multilocalizing_Status,False,"['cytoskeleton', 'actin-filaments', 'intermediate-filaments', 'centrosome', 'microtubules', 'plasma-membrane', 'cytosol', 'endoplasmic-reticulum', 'golgi-apparatus', 'vesicles', 'endosomes', 'lysosomes', 'mitochondria', 'nucleoplasm', 'nuclear-bodies', 'nuclear-membrane', 'nuclear-speckles', 'nucleoli', 'nucleoli-fibrillar-center']","[ 74.  10.   3.  47.  11. 286. 639. 133.  88. 157.  41.  55. 304. 962.
   7.  23.  21.  62.   8.]",0.41089648748965685,0.7087873601611795,"[ 0.38717073  0.11730247 -0.00108656  0.41012012  0.10585818  0.68947072
  0.50060887  0.67571584  0.47706474  0.31053285  0.20262929  0.33436687
  0.8758382   0.69006583  0.03071501  0.59148814  0.35108406  0.61320243
  0.03818849]",0.9357909970294768,0.3183791606367583,"[0.95043415 0.97756874 0.99782923 0.97901592 0.97539797 0.94175109
 0.74565847 0.96997106 0.97503618 0.89652677 0.94138929 0.94971056
 0.97648336 0.85057887 0.70658466 0.99457308 0.98950796 0.98589001
 0.97612156]","[0.58108108 0.3        0.         0.44680851 0.27272727 0.73076923
 0.88419405 0.69924812 0.30681818 0.48407643 0.43902439 0.58181818
 0.84210526 0.87525988 0.57142857 0.39130435 0.38095238 0.4516129
 0.125     ]","[0.2885906  0.05172414 0.         0.39622642 0.04761905 0.71331058
 0.47319933 0.68382353 0.77142857 0.27046263 0.11464968 0.21621622
 0.93772894 0.74185022 0.00492611 0.9        0.33333333 0.84848485
 0.01666667]","[0.38565022 0.08823529 0.         0.42       0.08108108 0.72193437
 0.61647572 0.69144981 0.43902439 0.34703196 0.18181818 0.31527094
 0.88734835 0.80305198 0.00976801 0.54545455 0.35555556 0.58947368
 0.02941176]",0.3951597826189396,0.5703363914373089,"[0.23888889 0.04615385 0.         0.26582278 0.04225352 0.56486486
 0.4455836  0.52840909 0.28125    0.20994475 0.1        0.1871345
 0.79750779 0.67091633 0.00490798 0.375      0.21621622 0.41791045
 0.01492537]",0.2846152622457101,0.39893048128342246,"[0.93405004 0.9560276  0.72811783 0.93664007 0.96146353 0.9628874
 0.85679536 0.97207957 0.9236649  0.87017559 0.92200138 0.91033256
 0.97847133 0.92264486 0.76693093 0.93098361 0.87219416 0.94869392
 0.5532021 ]",0.889860880436124,0.9571952838033673,0.8089934098462163,2.0047033285094065,1.7789435600578871
Membrane_Status,True,"['cytoskeleton', 'centrosome', 'plasma-membrane', 'cytosol', 'endoplasmic-reticulum', 'golgi-apparatus', 'vesicles', 'endosomes', 'lysosomes', 'peroxisomes', 'lipid-droplets', 'mitochondria', 'nucleoplasm', 'nuclear-bodies', 'nuclear-membrane', 'nucleoli']","[  1.   1. 242.  40. 134.  71. 149.  49.  57.   5.   9.  89.  22.   1.
  16.   2.]",0.5208887765991828,0.6533276857481919,"[-0.00148148  0.          0.6799019   0.18967709  0.64325834  0.54802062
  0.34115561  0.35428063  0.40743319  0.63104642  0.32760995  0.83718022
  0.48786215  0.49888765  0.50403206  0.7065828 ]",0.9319526627218935,0.4511834319526627,"[0.99704142 0.99852071 0.84763314 0.93934911 0.88461538 0.92751479
 0.74260355 0.81952663 0.85650888 0.99556213 0.98668639 0.96449704
 0.97485207 0.99556213 0.98224852 0.99852071]","[0.         0.         0.84710744 0.1        0.73134328 0.43661972
 0.59060403 0.73469388 0.68421053 0.4        0.22222222 0.7752809
 0.31818182 1.         0.3125     0.5       ]","[0.         0.         0.75645756 0.44444444 0.7        0.775
 0.43781095 0.24827586 0.33050847 1.         0.5        0.94520548
 0.77777778 0.25       0.83333333 1.        ]","[0.         0.         0.79922027 0.16326531 0.71532847 0.55855856
 0.50285714 0.37113402 0.44571429 0.57142857 0.30769231 0.85185185
 0.4516129  0.4        0.45454545 0.66666667]",0.4537422380837137,0.6150627615062761,"[0.         0.         0.66558442 0.08888889 0.55681818 0.3875
 0.33587786 0.2278481  0.28676471 0.4        0.18181818 0.74193548
 0.29166667 0.25       0.29411765 0.5       ]",0.32555125846560756,0.44410876132930516,"[0.70222222 0.69037037 0.9172316  0.65994497 0.92478108 0.90152485
 0.74719509 0.84578329 0.87087266 0.99880775 0.90721306 0.96560305
 0.80143175 0.99851852 0.93702652 1.        ]",0.8667829225405976,0.9190551475125407,0.7769855604618914,2.701183431952663,1.514792899408284
Membrane_Status,False,"['cytoskeleton', 'actin-filaments', 'intermediate-filaments', 'centrosome', 'microtubules', 'plasma-membrane', 'cytosol', 'endoplasmic-reticulum', 'golgi-apparatus', 'vesicles', 'endosomes', 'lysosomes', 'peroxisomes', 'lipid-droplets', 'mitochondria', 'nucleoplasm', 'nuclear-bodies', 'nuclear-membrane', 'nuclear-speckles', 'nucleoli', 'nucleoli-fibrillar-center']","[ 191.   29.    6.  124.   39.  165. 1251.   32.   74.  233.   68.   62.
    6.   15.  246. 1596.   85.   32.   33.  168.   22.]",0.3846225962084235,0.6918412968621288,"[ 0.43923585  0.20882131 -0.00135396  0.39636152  0.15416448  0.38000423
  0.44952932  0.45852194  0.1625008   0.35917232  0.21792241  0.2593038
  0.23468682  0.58432338  0.8539262   0.59385425  0.09546487  0.49807938
  0.2948177   0.4851862   0.03268278]",0.9329418191750888,0.23358827278521352,"[0.92638623 0.96622052 0.99713193 0.95984704 0.96080306 0.94710006
 0.70140217 0.99075844 0.97705545 0.916826   0.95570427 0.95984704
 0.99776928 0.99681326 0.97960484 0.79700446 0.65615041 0.99235182
 0.98661568 0.95952836 0.96685787]","[0.54450262 0.4137931  0.         0.35483871 0.28205128 0.33333333
 0.85131894 0.375      0.02702703 0.3776824  0.30882353 0.37096774
 0.16666667 0.4        0.82520325 0.80388471 0.62352941 0.25
 0.27272727 0.2797619  0.09090909]","[0.41935484 0.11881188 0.         0.48888889 0.10377358 0.4954955
 0.58645374 0.57142857 1.         0.43137255 0.18584071 0.20909091
 0.33333333 0.85714286 0.90625    0.79838208 0.04818182 1.
 0.33333333 0.88679245 0.02325581]","[0.4738041  0.18461538 0.         0.41121495 0.15172414 0.39855072
 0.69448973 0.45283019 0.05263158 0.402746   0.2320442  0.26744186
 0.22222222 0.54545455 0.86382979 0.80112395 0.08945148 0.4
 0.3        0.42533937 0.03703704]",0.35269291590607316,0.5798231434819816,"[0.31044776 0.10169492 0.         0.25882353 0.08208955 0.24886878
 0.53196803 0.29268293 0.02702703 0.252149   0.13125    0.15436242
 0.125      0.375      0.76029963 0.66822917 0.04681979 0.25
 0.17647059 0.27011494 0.01886792]",0.24200790337422812,0.4082753079807177,"[0.89565571 0.90497    0.73137505 0.8884587  0.87166249 0.90391911
 0.79815406 0.93728872 0.88690812 0.85374779 0.89346618 0.8842076
 0.98627075 0.99205892 0.96870678 0.8652037  0.68960136 0.84557107
 0.87571366 0.9100489  0.54151593]",0.8630716476256546,0.9454853954943501,0.8160380172507549,2.738368387507967,1.9247928616953474
